ra_deg	dec_deg	v_mag	b_v
0.07956	-44.29056	6.28	0.763
0.09958	26.91811	6.43	0.514
0.12870	59.55968	6.18	1.032
0.14309	-53.09771	6.49	0.616
0.18181	45.25333	6.36	-0.047
0.26909	-48.80988	5.71	0.911
0.33021	49.98156	6.22	0.970
0.33383	-50.33737	5.53	1.615
0.39877	-77.06572	4.78	1.254
0.40423	61.22280	5.58	0.407
0.43271	42.36714	6.25	-0.042
0.45604	-3.02750	5.13	-0.128
0.49008	-6.01407	4.37	1.631
0.54231	27.08226	5.80	0.690
0.58300	-29.72041	5.04	-0.150
0.60070	8.95682	6.33	0.182
0.62376	8.48546	5.70	0.315
0.65036	66.09897	5.87	1.073
0.73953	-20.04588	6.25	0.526
0.78273	-24.14515	6.46	1.176
0.85714	63.64052	6.24	0.332
0.93496	-17.33599	4.55	-0.047
0.96516	66.71218	6.31	1.629
1.05693	62.28766	5.90	0.274
1.08248	-16.52904	5.78	1.084
1.08466	-29.26882	6.38	0.006
1.12549	-10.50952	4.99	1.619
1.15244	42.09253	6.11	0.159
1.17212	-71.43689	5.59	-0.100
1.17492	67.16645	5.68	1.051
1.22400	34.65980	6.09	0.632
1.23334	26.64876	6.25	1.368
1.25496	27.67478	6.47	0.946
1.26593	-0.50304	6.32	1.099
1.27562	61.31397	5.80	-0.067
1.33392	-5.70762	4.61	1.029
1.42484	13.39627	5.55	0.901
1.56589	58.43673	5.98	0.687
1.57990	-49.07519	5.70	0.519
1.61058	64.19617	5.57	-0.023
1.65327	29.02150	6.07	0.752
1.70869	-23.10754	6.19	0.386
1.82611	-17.38699	6.20	0.133
1.93380	-2.54868	6.43	-0.146
1.94542	-22.50856	5.93	0.141
2.01453	-33.52933	5.67	1.119
2.05040	-2.44771	6.18	1.366
2.07305	-8.82411	5.99	1.034
2.09691	29.09043	2.07	-0.038
2.13690	63.20404	6.41	0.998
2.13957	-17.57816	6.11	1.664
2.17058	36.62713	6.21	0.504
2.21724	25.46298	6.24	0.976
2.25067	28.24754	6.47	0.242
2.26010	18.21196	5.57	1.043
2.25997	-54.00193	6.32	0.738
2.29452	59.14978	2.28	0.380
2.33407	79.71455	6.01	0.203
2.33779	-27.98793	5.42	0.414
2.35267	-45.74743	3.88	1.013
2.46716	-62.29679	6.34	0.164
2.50918	11.14581	5.54	-0.064
2.50907	-82.22405	5.29	1.049
2.57862	-5.24859	5.84	0.973
2.58019	46.07227	5.01	0.405
2.67848	-12.57990	5.84	1.000
2.81607	-15.46798	4.89	0.487
2.89342	-27.79974	5.41	1.346
2.93337	-35.13312	5.24	0.459
2.99619	48.15240	6.18	1.467
3.04161	-17.93828	5.29	1.478
3.30897	15.18360	2.83	-0.190
3.33176	-84.99398	5.78	1.710
3.34968	26.98755	6.24	0.680
3.37850	41.03537	5.71	0.331
3.42602	-26.02235	5.94	1.548
3.43491	-26.28496	6.14	1.490
3.50950	33.20604	6.22	0.009
3.61512	-7.78053	5.13	1.601
3.65069	20.20670	4.79	1.572
3.66007	-18.93287	4.44	1.640
3.72714	-9.56957	5.77	-0.084
3.73291	22.28423	6.25	-0.004
3.74276	-34.90422	6.17	1.344
3.74516	8.82096	6.02	0.312
3.77896	31.53572	6.34	1.555
3.79402	27.28344	6.35	-0.002
3.97853	61.00017	6.43	0.838
3.97872	-75.91162	6.49	0.983
4.03694	-31.44639	5.66	1.350
4.05807	76.95076	6.35	-0.044
4.08971	43.59505	6.12	0.068
4.14184	8.24015	6.12	0.919
4.23768	61.53319	5.74	0.898
4.27291	38.68164	4.61	0.059
4.28768	47.94741	5.86	-0.079
4.38626	-19.05109	6.46	0.386
4.42942	51.43309	6.11	-0.151
4.44874	1.68873	6.19	0.937
4.57186	11.20621	6.07	1.036
4.58190	36.78522	4.51	0.054
4.65941	31.51723	5.88	-0.014
4.67445	-8.05300	6.47	0.674
4.67570	43.79114	6.10	-0.074
4.67734	-43.23557	6.33	1.210
4.85698	-8.82392	3.56	1.214
4.92317	40.72946	6.35	1.179
5.01775	-64.87479	4.23	0.576
5.10168	30.93561	5.89	-0.098
5.12887	48.96863	6.46	0.564
5.14942	8.19027	5.38	1.343
5.16265	-69.62491	5.50	-0.046
5.18966	32.91119	5.79	1.595
5.28029	37.96860	5.16	0.442
5.36992	-77.42687	5.96	1.397
5.37999	-28.98147	5.18	1.006
5.44281	-20.05802	5.61	1.580
5.60618	13.48249	6.25	1.225
5.71578	-12.20944	6.39	0.659
5.76832	-15.94256	6.43	1.595
6.06524	52.01991	5.58	-0.110
6.12354	-2.21906	6.08	1.216
6.15898	14.31551	6.48	1.161
6.19794	61.83106	5.38	0.008
6.27671	53.04679	5.72	-0.056
6.35087	1.93969	5.77	0.855
6.43780	-77.25425	2.82	0.618
6.55084	-43.67983	3.93	0.175
6.57105	-42.30598	2.40	1.083
6.59063	-18.69363	6.24	1.622
6.65589	-0.04953	6.16	0.893
6.81129	-25.54717	5.99	1.022
6.87946	16.02548	6.44	0.230
6.98208	-33.00717	4.86	1.634
6.99361	19.51404	6.40	0.990
7.01215	17.89312	5.01	1.584
7.05293	16.44507	6.05	1.580
7.05689	44.39445	5.18	0.043
7.08355	10.18985	6.05	0.447
7.08790	-20.33505	6.44	0.594
7.11050	-39.91500	5.42	1.556
7.17970	-50.53286	6.26	1.090
7.23609	36.89969	6.28	0.916
7.46624	-14.86411	6.15	0.388
7.50982	-3.95733	5.72	1.545
7.53069	29.75156	5.20	0.271
7.58305	59.97755	5.94	-0.003
7.59439	-23.78768	5.17	0.128
7.60882	-48.21491	5.67	0.367
7.61594	-40.93959	6.18	0.315
7.72950	77.01940	6.18	0.883
7.85409	-48.80351	4.76	0.018
7.85513	66.51962	6.18	-0.100
7.85683	33.58164	5.88	1.133
7.88611	-62.95822	4.36	-0.064
7.88945	-62.96556	4.53	0.147
7.92149	52.83953	5.59	1.163
7.94316	54.52229	4.74	-0.098
8.09909	6.95546	5.69	-0.014
8.14786	20.29432	5.38	1.069
8.18294	-63.03150	5.07	0.038
8.20453	28.28024	6.26	0.965
8.24997	62.93178	4.17	0.130
8.29331	54.89498	5.93	1.037
8.33028	70.98184	6.41	-0.007
8.34733	-71.26625	6.11	0.265
8.42101	-29.55828	5.55	1.262
8.43253	-35.00208	6.41	0.617
8.60384	66.75035	6.47	-0.049
8.61597	-52.37309	5.57	0.472
8.73068	13.37114	6.39	1.136
8.81200	-3.59285	5.20	0.567
8.88681	-0.50561	5.94	0.444
8.88891	-54.82187	6.04	1.001
8.92157	-48.00091	5.51	0.461
8.97834	13.20707	6.32	0.517
9.01315	-14.97304	6.45	1.063
9.02857	-22.84233	6.06	0.297
9.03463	54.16845	5.08	-0.098
9.11394	60.32621	5.78	0.294
9.15688	-65.12445	6.43	1.260
9.19350	44.48859	5.14	1.587
9.19713	15.23173	5.89	-0.146
9.22021	33.71934	4.34	-0.123
9.24285	53.89691	3.69	-0.196
9.27996	24.01414	6.18	1.170
9.32603	-54.39382	6.40	0.995
9.33625	-24.76727	5.57	0.715
9.33841	35.39950	5.45	0.886
9.37705	3.13535	6.43	1.339
9.63894	29.31175	4.34	0.871
9.70326	-25.10782	6.43	1.482
9.79123	49.35459	5.45	1.644
9.83198	30.86102	3.27	1.268
9.84086	21.25047	5.88	0.850
9.94686	82.49376	6.38	0.551
9.96646	-44.79629	6.00	1.142
9.98155	21.43850	5.36	1.160
10.10696	-59.45460	5.89	0.564
10.11909	-16.51668	6.49	0.910
10.12684	56.53733	2.24	1.170
10.13670	-23.80488	6.14	0.718
10.17655	-4.35184	5.90	1.091
10.27994	39.45866	5.30	0.891
10.33147	-46.08501	4.59	0.953
10.40018	24.62901	6.06	0.298
10.44332	-56.50132	5.72	0.131
10.51426	66.14759	5.83	1.042
10.51623	50.51253	4.80	-0.105
10.61822	-65.46803	5.38	0.515
10.62934	58.75341	6.18	-0.004
10.67479	-60.26281	5.99	1.318
10.67872	-38.46348	6.05	-0.024
10.83849	-57.46306	4.36	0.024
10.86696	47.02455	4.95	0.170
10.89738	-17.98660	2.04	1.019
10.95870	-12.01181	6.01	1.107
11.04751	-10.60955	4.77	0.998
11.05041	-38.42169	5.90	1.144
11.10913	47.86398	5.66	-0.113
11.13189	-62.49759	6.06	0.446
11.18132	48.28436	4.48	-0.069
11.18498	-22.00614	5.22	0.350
11.23772	-42.67656	5.94	0.297
11.24975	-53.71490	6.15	0.524
11.32156	55.22140	5.41	0.022
11.35052	-4.62916	6.15	1.652
11.36953	-12.88081	6.15	0.603
11.41282	74.98807	5.64	0.078
11.42378	-16.42422	6.47	0.314
11.43997	-47.55199	5.80	0.635
11.54506	44.86150	6.03	-0.063
11.54897	-22.52210	5.49	0.978
11.63733	15.47550	5.36	1.559
11.66044	69.32541	6.39	0.424
11.67691	59.57454	6.41	1.081
11.75608	11.97385	5.51	0.987
11.80678	19.57870	6.11	0.270
11.83469	24.26718	4.08	1.100
11.84847	6.74096	5.98	0.941
11.93008	-18.06134	5.70	1.300
11.94189	74.84757	5.42	-0.066
12.00444	-21.72249	5.57	-0.058
12.03807	72.67448	5.86	1.010
12.07254	7.29993	5.92	1.104
12.09574	5.28061	5.74	0.890
12.14757	-74.92344	5.09	1.345
12.17060	7.58508	4.44	1.500
12.20842	50.96817	4.90	-0.091
12.23637	-46.69765	6.28	0.897
12.24462	16.94064	5.07	0.502
12.27621	57.81519	3.46	0.587
12.30812	-24.13667	5.90	0.944
12.35673	-13.56127	5.59	1.325
12.38929	-23.36214	6.27	0.132
12.45353	41.07891	4.53	-0.136
12.47152	27.71029	5.55	0.398
12.51570	-43.39492	6.49	0.286
12.53163	-10.64433	5.17	0.514
12.57610	45.00226	6.13	0.043
12.67161	-50.98682	5.24	0.356
12.68172	64.24755	5.35	0.528
12.73915	51.50803	6.38	0.307
12.81826	61.80549	6.04	1.880
12.82635	3.38502	6.39	1.069
12.89078	51.57143	6.22	0.032
13.16927	-24.00584	5.47	1.275
13.25206	-1.14426	4.78	1.550
13.26749	61.12397	4.80	0.540
13.30192	-24.77688	6.44	0.439
13.36760	37.41821	6.07	1.139
13.40781	-62.87135	5.73	1.574
13.44833	52.68929	6.27	0.191
13.57330	-8.74066	6.15	0.911
13.64678	19.18842	5.80	-0.016
13.72122	83.70744	5.59	0.105
13.74211	23.62834	5.46	1.012
13.75065	58.97270	4.83	1.216
13.75130	-69.52708	5.45	1.095
13.77168	48.67852	6.28	1.681
13.81114	24.55706	6.19	1.546
13.92667	-7.34715	5.88	1.520
13.98140	-27.77584	6.11	1.674
13.99379	27.20938	6.08	0.133
14.00621	-11.26653	5.35	1.505
14.03800	13.95196	6.46	0.962
14.05405	57.99656	6.20	1.376
14.16627	59.18106	4.62	0.957
14.17722	60.71674	2.15	-0.046
14.18838	38.49934	3.86	0.130
14.19572	60.36284	5.56	-0.054
14.22978	68.77566	6.39	0.375
14.30167	23.41765	4.40	0.940
14.33169	61.42190	6.44	0.940
14.41519	45.83938	6.10	1.028
14.45897	28.99222	5.44	1.076
14.47713	13.69587	6.30	0.895
14.55925	33.95088	5.99	1.000
14.57872	21.40449	6.47	0.089
14.59262	-60.69624	6.23	0.096
14.62943	66.35179	5.97	-0.008
14.65150	-29.35745	4.30	-0.154
14.68278	-11.37998	5.62	0.949
14.95703	6.48323	6.14	1.654
15.01483	44.71324	5.69	-0.010
15.12919	70.98299	6.40	0.135
15.32615	-38.91653	5.59	1.185
15.36268	49.54422	6.48	1.099
15.41102	-16.26557	6.47	1.184
15.50759	-57.00239	6.12	0.935
15.57694	51.03494	6.48	0.122
15.61014	-31.55201	5.50	0.083
15.67878	-65.45610	6.25	1.634
15.70457	31.80426	5.50	-0.043
15.70496	-46.39731	5.39	0.900
15.72609	41.34516	5.95	0.161
15.73587	7.89014	4.27	0.952
15.75645	47.37616	6.46	0.248
15.76057	-4.83660	5.40	1.106
15.82373	-29.52585	6.28	0.932
15.90419	61.07482	5.92	0.512
15.95428	1.36685	6.06	0.271
16.00996	52.50216	5.99	1.447
16.08105	61.58018	5.83	0.569
16.11511	29.65881	6.20	0.443
16.13574	-33.53285	6.44	1.071
16.21932	5.65626	6.03	1.525
16.27232	14.94613	5.64	0.420
16.40368	-9.97932	6.09	1.012
16.42065	21.47318	5.33	0.003
16.42380	21.46544	5.55	-0.048
16.45512	4.90837	6.35	0.383
16.52103	-46.71841	3.32	0.885
16.52145	-9.83935	5.58	0.009
16.53210	-23.99245	6.12	1.076
16.54667	32.18149	6.28	1.308
16.64011	12.95604	6.14	0.962
16.75072	56.93497	6.41	1.188
16.78941	53.49819	6.31	1.499
16.80385	-23.99633	6.36	0.238
16.82777	-61.77529	5.36	0.884
16.94254	-9.78555	5.71	0.446
16.94939	-41.48692	5.21	0.159
16.98818	20.73911	5.56	0.121
16.99860	1.99304	6.44	0.847
17.00354	43.94209	5.04	0.109
17.00560	32.01213	6.23	0.398
17.06831	54.92034	5.17	0.704
17.09249	5.64982	5.51	0.334
17.09617	-55.24576	3.94	-0.120
17.13944	58.26345	5.77	-0.019
17.14746	-10.18226	3.46	1.161
17.18699	86.25709	4.24	1.213
17.30079	80.01158	6.24	0.922
17.37552	47.24179	4.26	0.012
17.43301	35.62056	2.07	1.576
17.45501	19.65841	5.57	0.697
17.53072	-57.69442	6.41	0.888
17.54767	15.67391	6.07	1.535
17.54978	-8.90614	6.40	1.029
17.57809	42.08147	5.67	0.603
17.58105	25.45776	5.81	1.466
17.63980	2.44567	5.97	1.491
17.66384	68.77862	5.32	-0.014
17.77568	55.14990	4.34	0.170
17.77820	31.42474	5.15	0.261
17.79282	37.72412	5.80	-0.095
17.85655	64.20268	5.56	-0.052
17.86342	21.03465	4.66	1.024
17.87072	10.29191	6.49	0.891
17.91515	30.08964	4.51	1.092
17.92251	65.01885	5.57	-0.072
17.93129	-2.25108	5.93	1.403
18.07009	79.67396	5.60	0.008
18.14201	45.33753	6.13	1.652
18.18930	-37.85648	5.95	0.281
18.24781	30.06423	6.24	0.980
18.29105	61.70619	6.40	0.018
18.43286	7.57535	5.21	0.320
18.43728	24.58371	4.67	1.047
18.43861	7.57826	6.44	0.492
18.52045	28.52957	6.33	1.684
18.53179	16.13348	5.97	-0.082
18.60017	-7.92283	5.14	0.448
18.67663	6.99514	6.04	1.081
18.70488	-0.97379	5.70	0.428
18.79634	-45.53166	4.97	0.571
18.94234	-68.87593	4.25	0.480
19.04958	71.74384	5.87	2.042
19.05496	87.14550	6.20	1.114
19.07884	33.11472	6.04	1.163
19.12866	79.91001	6.27	0.440
19.15120	-2.50037	5.42	0.888
19.26566	-66.39785	6.23	0.052
19.27110	44.90199	6.11	1.590
19.35047	31.74462	6.36	1.132
19.44982	3.61447	5.13	0.071
19.54229	47.41971	6.29	1.357
19.55785	57.80317	6.39	1.589
19.69587	37.38627	6.44	0.233
19.86665	27.26406	4.74	0.032
19.95123	-0.50903	5.87	0.635
20.02048	58.23161	4.95	0.683
20.08084	77.57068	6.31	0.912
20.11586	-11.23900	6.16	1.102
20.14405	-3.24699	6.26	1.013
20.27194	64.65813	6.33	0.113
20.28072	28.73821	5.23	1.396
20.49627	76.23880	6.37	0.283
20.58508	45.52878	4.87	1.077
20.62700	-19.08121	6.35	0.493
20.65397	1.72633	6.21	1.482
20.83924	58.14299	6.36	0.457
20.85395	20.46897	5.97	1.677
20.87899	-30.94562	5.84	1.612
20.90615	34.24589	6.28	0.829
20.91923	37.71494	5.60	0.276
20.94501	78.72606	6.07	0.389
21.00585	-8.18326	3.60	1.065
21.01058	-8.00742	6.21	0.235
21.08543	-6.91466	5.92	0.407
21.16639	-15.66047	6.17	0.924
21.16994	-41.49255	5.42	1.030
21.17464	-44.52858	6.26	1.122
21.20284	-2.84859	6.17	0.959
21.27211	-64.36948	5.92	1.561
21.39866	23.51152	6.18	0.447
21.40515	-14.59880	4.90	1.231
21.44300	70.97989	6.34	-0.011
21.45397	60.23528	2.66	0.160
21.48342	68.13001	4.72	1.047
21.53660	34.57970	6.34	0.500
21.56359	19.17235	5.35	0.395
21.57786	43.45774	5.98	0.520
21.59832	20.07080	6.44	0.947
21.61395	-0.39903	6.42	1.241
21.67366	19.24042	5.50	1.106
21.71485	-13.05651	5.51	0.321
21.77637	34.37755	6.27	0.453
21.84712	-22.33823	6.43	1.122
21.86114	41.10116	6.42	0.311
21.91409	45.40669	4.83	0.421
21.94393	-10.90158	6.13	1.320
22.09136	-43.31823	3.41	1.542
22.09548	7.96135	6.22	1.114
22.37725	-46.75642	6.25	1.658
22.40056	-21.62934	5.11	0.028
22.42840	-25.61775	6.37	1.141
22.47026	18.35567	6.01	0.162
22.52543	47.00727	5.27	0.999
22.54631	6.14382	4.84	1.372
22.59544	-26.20785	5.92	1.327
22.71717	66.09809	6.15	0.070
22.80732	70.26460	5.82	0.489
22.81294	-49.07270	3.93	0.972
22.87087	15.34582	3.62	0.974
22.91252	-45.57571	6.17	0.066
22.93020	-30.28308	5.79	1.073
23.03157	34.79996	6.39	-0.103
23.15153	-49.72771	6.27	0.462
23.23355	-36.86523	5.49	1.021
23.32616	8.20874	6.31	0.800
23.35713	58.32733	5.69	1.435
23.41321	-78.50482	6.11	0.970
23.42849	-7.02534	5.75	0.639
23.46133	89.01564	6.46	0.107
23.48282	59.23204	4.68	0.991
23.56919	37.23715	5.90	-0.067
23.65741	-15.67636	5.62	0.066
23.70444	18.46051	5.90	1.536
23.71160	-31.89232	6.11	1.109
23.71383	-3.52389	6.44	1.341
23.71488	-23.69968	6.41	1.306
23.81260	-58.13947	6.03	0.382
23.94351	14.66142	6.23	-0.036
23.96069	-39.94713	6.43	0.415
23.96907	41.07642	6.39	1.122
23.97815	17.43384	5.95	0.259
23.99570	-15.40018	5.41	1.226
24.03546	-29.90732	5.69	0.335
24.11333	48.72278	6.20	1.237
24.18136	7.83153	6.39	1.605
24.18665	-58.27097	6.18	1.607
24.19934	41.40546	4.10	0.536
24.27465	12.14153	5.54	0.347
24.36667	-84.76959	5.66	0.939
24.40710	-9.40378	6.24	0.528
24.42853	-57.23676	0.45	-0.158
24.44666	64.73936	6.49	0.776
24.46695	-3.44068	6.43	1.568
24.48151	-82.97500	5.88	0.620
24.49815	48.62821	3.59	1.275
24.53153	57.97763	5.55	1.388
24.61452	-36.52825	5.94	1.045
24.62882	73.04004	5.28	0.972
24.63260	45.39971	6.38	-0.021
24.71579	-21.27538	5.58	0.346
24.83751	44.38616	5.01	0.883
24.92008	16.40586	5.98	1.119
24.94810	-56.19640	5.76	0.880
25.05459	53.86828	6.35	1.608
25.14507	40.57705	4.96	-0.068
25.14553	8.76077	6.34	0.401
25.16521	43.29769	5.63	0.214
25.32656	25.74571	6.20	0.459
25.33946	-79.14820	6.33	0.947
25.35789	5.48761	4.45	1.347
25.36384	-38.13283	6.20	0.404
25.41349	30.04712	5.97	1.015
25.43681	-11.32467	5.75	0.443
25.44643	42.61337	4.96	0.618
25.44986	-60.78934	5.70	1.264
25.51247	-36.83230	5.70	-0.010
25.51454	35.24571	5.63	-0.059
25.53581	-32.32697	5.25	1.044
25.57376	58.62774	6.35	-0.027
25.58553	68.04302	5.57	-0.049
25.62215	-53.74083	5.52	0.551
25.62401	20.26850	5.24	0.836
25.68129	-3.69020	4.98	1.378
25.73277	70.62253	5.18	-0.022
25.74300	61.42107	6.33	0.013
25.81877	45.32265	6.33	1.020
25.83231	60.55133	5.78	-0.010
25.91516	50.68873	4.01	-0.098
25.95893	32.19201	6.32	0.879
25.97832	-4.76551	6.20	1.537
26.01701	-15.93748	3.49	0.727
26.07485	57.53662	6.18	0.131
26.11053	46.13969	6.32	1.419
26.18199	-6.76616	6.45	0.864
26.19238	57.08923	6.25	0.062
26.23260	20.08315	6.27	0.720
26.34846	9.15774	4.26	0.942
26.41149	-25.05261	5.29	0.395
26.49692	-5.73330	5.37	1.517
26.50441	-27.34883	6.38	0.366
26.52486	-50.81626	5.49	1.615
26.52610	-53.52204	5.04	0.031
26.81960	-41.75993	6.18	1.544
26.93681	63.85250	5.63	0.804
26.94352	-80.17631	6.05	0.338
26.94904	-37.15948	6.33	1.016
26.95006	46.22975	6.33	0.461
27.04557	16.95555	5.86	-0.039
27.10841	3.68545	5.91	0.970
27.16219	37.95287	5.94	0.975
27.17318	32.69021	5.78	0.572
27.31477	47.89692	6.01	0.170
27.33092	-31.07246	6.35	1.222
27.39626	-10.68641	4.66	0.333
27.45360	-38.40280	6.37	0.523
27.53571	22.27534	5.83	0.743
27.58409	-47.81639	6.14	0.998
27.71655	11.04338	5.92	0.302
27.72681	-50.20614	5.94	0.154
27.73803	51.93342	5.96	0.419
27.85982	-39.83594	6.44	1.094
27.86514	-10.33504	3.74	1.136
27.90750	-6.87414	6.42	1.233
27.94208	-15.64748	6.44	1.608
27.99717	55.14738	5.53	-0.175
28.03905	50.79279	5.70	-0.067
28.21135	51.47484	6.28	0.050
28.21714	-16.92925	5.78	0.260
28.27045	29.57883	3.42	0.488
28.32227	40.72979	5.42	1.311
28.34655	-38.59463	6.09	1.125
28.38256	19.29385	3.88	-0.047
28.38896	3.18754	4.61	0.928
28.41142	-46.30267	4.39	1.597
28.45214	55.59764	6.44	0.185
28.59180	-42.49695	5.12	-0.060
28.59886	63.67010	3.35	-0.150
28.66004	20.80804	2.64	0.165
28.72410	40.70203	6.25	1.262
28.73388	-67.64730	4.68	0.931
28.74025	37.12829	6.28	1.169
28.83184	-60.31248	6.43	0.409
28.94368	-60.86098	6.07	0.356
28.96062	-78.34855	6.15	0.448
28.96267	23.57732	5.76	1.185
28.97430	1.84998	6.01	0.549
28.97700	37.27779	5.89	1.599
28.98947	-51.60890	3.69	0.844
29.00011	68.68524	4.97	-0.084
29.03902	37.25183	5.69	1.060
29.03920	-49.83645	6.37	-0.081
29.16749	-22.52678	4.92	1.434
29.24994	-51.76624	6.10	0.487
29.29003	-10.24243	6.42	0.817
29.29200	-47.38528	4.82	0.864
29.33773	17.81753	5.09	0.921
29.43227	27.80438	5.84	1.576
29.47223	-65.42470	6.36	0.906
29.48215	23.59606	4.79	0.290
29.49682	47.09552	6.48	1.203
29.61117	-33.06679	6.37	1.006
29.63847	61.69779	6.02	-0.042
29.63961	49.20435	5.70	1.005
29.69247	-61.56986	2.86	0.290
29.69166	-11.30096	6.46	1.128
29.85786	12.29488	6.09	0.186
29.89868	21.05857	5.89	1.031
29.90849	64.62160	5.29	0.002
29.91173	-42.03053	5.57	1.052
29.92137	-66.06656	6.09	1.176
29.94250	-20.82454	5.43	1.640
30.00128	-21.07783	3.99	1.554
30.03817	3.09701	5.89	0.610
30.11176	-8.52387	5.43	1.391
30.31135	-30.00183	5.34	0.883
30.42657	-44.71351	5.15	1.471
30.48939	70.90702	4.49	0.164
30.51175	2.76376	3.82	0.024
30.57545	54.48754	4.99	-0.071
30.61777	-29.66564	6.40	0.135
30.64616	13.47672	5.97	1.584
30.71557	-23.88663	6.30	1.340
30.71865	64.90147	6.00	0.029
30.73761	77.91626	6.04	1.107
30.74148	33.28414	5.50	0.029
30.74404	-15.30593	5.87	0.966
30.75078	64.39002	5.59	0.325
30.79354	73.85057	6.12	0.162
30.79854	0.12851	5.42	0.146
30.85877	72.42129	3.95	-0.002
30.91393	25.93547	5.64	0.537
30.91870	-4.10352	5.61	1.589
30.92753	18.25324	6.24	1.424
30.95071	-0.34025	5.96	0.851
30.97480	42.32972	2.10	1.370
31.05195	-11.85977	6.43	1.498
31.12266	-29.29682	4.68	-0.156
31.14633	-54.88169	6.45	0.386
31.21254	7.73566	6.44	1.114
31.28092	77.28134	5.27	0.345
31.38145	76.11506	5.22	0.954
31.55110	8.24811	6.27	1.636
31.62212	0.03538	6.29	0.897
31.64136	22.64832	5.03	0.121
31.70515	25.70455	6.01	-0.030
31.71689	-19.13887	6.39	1.143
31.79336	23.46242	2.01	1.151
32.12192	37.85908	4.78	0.120
32.13983	44.45943	6.38	0.965
32.16908	58.42360	5.66	0.595
32.19025	-17.77916	6.07	1.661
32.28872	-43.51660	5.84	1.197
32.34629	17.22420	6.40	0.471
32.35557	25.93989	4.98	0.339
32.35547	81.29595	6.05	0.118
32.38595	34.98730	3.00	0.140
32.39501	-24.34579	6.48	0.289
32.45196	-40.86650	6.49	0.430
32.52005	-43.81557	6.32	0.899
32.53230	53.84309	6.31	0.948
32.60806	-50.82372	6.12	0.812
32.65665	19.50034	5.68	1.641
32.72012	39.03953	6.09	-0.054
32.80023	25.93694	6.01	1.365
32.83783	8.56980	5.64	0.569
32.84261	-10.05216	6.00	0.418
32.85426	31.52640	6.24	0.112
32.87164	57.64554	6.38	0.298
32.89931	-1.82543	5.94	0.967
33.06570	2.74555	6.49	1.039
33.09283	30.30307	4.94	0.770
33.15641	24.16778	5.96	1.366
33.19809	-2.39364	5.65	0.546
33.20036	21.21099	5.23	0.457
33.20796	79.69154	6.46	0.240
33.22696	-30.72383	5.27	-0.013
33.24998	8.84672	4.36	0.878
33.25411	-21.00014	5.86	1.006
33.26377	15.27986	5.72	1.551
33.30552	44.23165	4.84	1.476
33.33810	74.02772	6.25	0.915
33.40143	51.06582	5.31	0.926
33.42338	58.56059	6.43	0.554
33.47314	-9.06463	6.43	1.415
33.51024	47.48424	6.05	0.406
33.56059	-67.84144	5.57	1.556
33.62122	66.52443	6.05	0.641
33.63311	-41.16676	5.91	0.965
33.65826	28.69118	6.35	0.957
33.86927	-67.74637	5.67	1.306
33.92824	25.04304	5.57	0.520
33.94188	25.78294	5.79	0.439
33.98452	33.35890	5.25	-0.004
33.99055	47.81194	6.37	1.029
34.12744	-51.51216	3.56	-0.120
34.18989	83.56141	6.45	0.951
34.21548	57.05525	6.48	0.281
34.24602	-6.42212	5.51	0.962
34.26346	34.22423	4.84	0.607
34.32861	33.84719	4.03	0.019
34.49953	57.89982	5.75	1.175
34.50600	1.75780	5.60	0.588
34.51910	57.51632	5.99	1.039
34.53140	19.90116	5.58	0.011
34.73747	28.64267	5.29	0.037
34.74144	23.16782	6.45	0.376
34.74377	-25.94569	6.33	0.724
34.79510	46.47226	6.21	0.164
34.81998	47.37997	5.31	0.006
34.83664	-2.97764	6.47	0.966
34.84449	48.95546	6.44	0.427
34.85319	-41.84837	6.36	1.162
34.97613	-55.94480	5.81	1.570
35.17297	47.31080	6.17	-0.094
35.24253	50.15147	5.57	-0.089
35.43726	-68.65942	4.08	0.034
35.48098	57.24292	6.40	0.569
35.48595	0.39568	5.29	1.648
35.50638	-10.77753	5.43	0.364
35.52076	-17.66217	5.89	1.231
35.54896	-43.19981	6.30	0.991
35.55165	-0.88485	5.42	0.335
35.58931	55.84565	5.16	0.369
35.63561	-23.81633	5.19	0.608
35.70960	41.39630	5.81	0.289
35.71794	-73.64579	5.99	1.088
35.72781	-51.09213	5.90	0.213
35.74012	-18.35498	6.22	0.942
35.77749	-37.57614	6.47	1.592
35.96560	55.36486	6.29	0.845
36.08382	-25.84746	6.45	1.321
36.10382	50.00655	5.19	0.979
36.14118	-40.84046	6.17	0.653
36.20440	10.61056	5.48	-0.098
36.22463	-60.31195	5.36	0.395
36.24329	-2.78003	6.34	-0.011
36.31679	56.60982	6.25	0.249
36.36023	-66.49403	6.39	1.511
36.40593	50.27863	4.73	1.532
36.48752	-12.29048	4.88	-0.027
36.50146	-15.34125	5.88	0.116
36.64674	-20.04262	5.89	1.247
36.74634	-47.70384	4.24	-0.136
36.78016	27.01239	6.14	1.461
36.84745	10.19833	6.45	0.450
36.86572	31.80128	5.55	1.114
36.96574	50.56997	6.16	0.435
36.99970	1.96085	6.45	0.971
37.00710	-33.81104	5.13	0.089
37.01827	-64.29977	6.35	-0.025
37.03976	8.46005	4.30	-0.053
37.04159	29.66933	5.29	0.311
37.14763	-31.10244	6.11	1.106
37.20206	29.93176	5.89	0.591
37.26644	67.40247	4.46	0.153
37.30701	23.46903	6.20	0.155
37.39732	9.56563	6.09	1.022
37.56920	33.83371	6.26	1.079
37.63481	25.23504	5.88	0.412
37.63664	-22.54532	6.17	1.581
37.66008	19.85530	6.14	0.247
37.68835	0.25575	6.00	0.168
37.72666	17.70386	6.21	0.908
37.87540	2.26718	5.27	1.271
37.91893	-79.10938	5.27	0.981
37.95452	89.26411	1.97	0.636
38.02178	-15.24468	4.74	0.454
38.02571	36.14727	5.15	1.472
38.03925	-1.03490	5.36	1.004
38.06151	-36.42731	6.28	1.027
38.21925	34.54241	5.84	1.083
38.22559	15.03455	6.00	0.572
38.27928	-34.64997	5.91	1.064
38.41759	-20.00192	6.19	1.100
38.46127	-28.23234	4.96	-0.050
38.47754	-51.09355	6.24	0.509
38.67760	-7.85945	5.74	1.393
38.76722	7.47099	6.17	1.053
38.86625	39.66438	6.36	-0.095
38.91142	37.31226	5.72	1.389
38.94505	34.68756	5.38	1.652
38.96863	5.59325	4.87	0.880
39.00020	-7.83160	5.53	1.607
39.02039	6.88687	5.79	0.918
39.03861	-30.04498	5.74	1.017
39.14613	7.73003	5.81	1.040
39.15798	12.44764	5.64	0.516
39.17930	31.60767	6.07	1.052
39.23828	38.73358	5.91	0.502
39.24420	-34.57798	5.78	0.653
39.25218	24.64722	6.48	0.510
39.27738	32.89109	6.23	0.515
39.35155	-52.54309	5.30	0.289
39.40028	65.74534	5.80	1.561
39.42417	-3.39617	5.65	1.021
39.50314	7.69528	6.40	0.431
39.50846	72.81825	5.17	0.896
39.57429	37.72672	6.19	0.490
39.57776	-30.19406	5.84	0.476
39.60348	-37.99055	6.48	0.521
39.61647	38.08914	6.29	-0.029
39.65335	3.44320	6.21	0.999
39.70414	21.96141	5.45	0.168
39.87065	0.32851	4.08	-0.212
39.89098	-11.87216	4.83	0.447
39.89734	-68.26695	4.12	-0.061
39.94997	-42.89167	4.74	0.061
40.05176	-9.45288	5.79	0.524
40.06539	6.11194	6.26	0.397
40.16505	-54.54991	5.21	0.411
40.16681	-39.85538	4.11	1.006
40.17115	27.06094	5.30	0.081
40.30833	-0.69565	5.72	0.511
40.39220	-14.54928	5.98	0.429
40.45136	-3.21381	6.07	1.175
40.52753	-38.38369	5.99	0.917
40.53518	-46.52444	6.09	0.876
40.56215	40.19394	4.91	0.582
40.59142	20.01146	5.74	-0.017
40.62056	10.74172	6.32	0.064
40.63944	-50.80029	5.40	0.561
40.74801	53.52611	5.85	1.125
40.75774	48.26525	6.30	1.140
40.76183	55.10602	5.76	-0.110
40.82516	3.23582	3.47	0.093
40.83431	-40.52791	6.35	-0.022
40.86088	-66.71425	6.23	0.542
40.86297	27.70715	4.65	-0.122
40.87048	-2.53145	6.48	0.981
40.96352	25.63834	6.35	0.089
41.02150	44.29704	5.43	0.904
41.03062	-13.85870	4.24	-0.122
41.04405	-52.57060	6.15	0.088
41.04994	49.22845	4.10	0.514
41.07964	17.76393	6.40	1.143
41.08557	-32.52472	6.21	0.040
41.13739	15.31186	5.78	-0.024
41.20707	67.82463	5.95	0.136
41.23559	10.11415	4.27	0.311
41.23992	12.44576	5.17	0.234
41.27577	-18.57256	4.47	0.481
41.33711	4.71163	6.04	0.312
41.36449	-63.70455	5.73	0.932
41.38598	-67.61662	4.83	0.058
41.68794	-21.63952	6.48	0.387
41.74301	35.98352	6.27	0.935
41.76489	35.55468	6.28	0.385
41.79637	-22.48575	6.47	0.398
41.87981	44.27220	6.45	0.637
41.94878	81.44848	5.80	1.300
41.97725	29.24712	4.52	1.112
42.13371	18.28379	5.83	1.216
42.19127	25.18806	5.89	-0.033
42.23129	69.63429	6.26	0.151
42.25620	-62.80652	5.25	0.101
42.27258	-32.40590	4.45	0.981
42.32317	17.46431	5.26	-0.066
42.36214	37.32641	6.45	0.422
42.37807	57.08432	6.25	0.786
42.46234	-24.56031	6.14	0.998
42.47576	-27.94198	5.39	0.013
42.49597	27.26051	3.61	-0.100
42.56160	-35.84364	5.92	0.899
42.61858	-75.06695	4.76	1.337
42.64608	38.31864	4.22	0.343
42.64705	36.94833	6.44	0.617
42.66836	-35.67585	5.48	1.259
42.67421	55.89550	3.77	1.690
42.69920	-39.93222	6.36	0.040
42.75967	-21.00402	4.76	0.906
42.87328	15.08207	5.52	-0.099
42.87849	35.05974	4.56	1.554
42.92388	46.84194	5.86	0.903
42.94117	58.31429	6.46	0.104
42.98436	-30.81452	6.38	0.484
42.99480	68.88850	5.94	0.700
43.07927	-62.90958	6.03	1.249
43.13387	-12.76971	6.05	0.862
43.21141	-9.44124	6.31	0.196
43.21678	52.99735	6.35	0.093
43.22766	-65.45529	6.47	1.008
43.29873	16.48346	6.30	0.457
43.33780	48.56995	6.23	1.180
43.39332	-38.43700	5.93	0.437
43.39718	-22.37631	5.93	1.041
43.42756	38.33749	5.34	0.423
43.52696	-50.87140	6.22	1.571
43.56442	52.76248	3.93	0.758
43.95207	18.33164	5.76	1.452
43.98717	61.52114	5.59	0.445
44.05737	8.38156	5.97	0.478
44.10271	64.33244	6.17	1.994
44.10687	-8.89814	3.89	1.088
44.10898	18.02312	5.58	0.471
44.13876	47.16401	6.05	1.305
44.15593	-3.71232	5.16	0.084
44.21108	51.26128	6.22	1.567
44.26906	4.50103	6.15	1.623
44.30376	-29.85529	6.29	0.472
44.32201	31.93422	5.10	-0.007
44.34902	-23.86216	5.44	0.238
44.38595	-38.19092	6.41	-0.018
44.50970	38.61493	6.06	1.403
44.52176	20.66873	5.80	0.415
44.52389	-23.60601	5.82	1.334
44.56531	-40.30467	2.88	0.128
44.67532	-2.78288	5.22	0.014
44.69029	39.66273	4.68	0.065
44.69709	-9.77651	6.14	0.221
44.69915	-64.07128	4.98	0.126
44.76532	35.18313	4.94	1.235
44.77706	-28.90721	6.14	1.044
44.80302	21.34043	4.63	0.048
44.90076	-25.27413	5.69	0.427
44.90960	-32.50720	6.32	0.002
44.91616	41.03294	5.89	1.445
44.92150	-2.46495	5.56	-0.072
44.92876	8.90736	4.71	-0.109
44.95747	47.22069	5.47	0.869
45.04956	38.13174	6.11	-0.057
45.18392	10.87039	5.93	1.593
45.21200	-2.87862	6.11	1.751
45.21756	52.35174	5.24	-0.049
45.29177	-7.66301	5.75	1.043
45.40682	-28.09155	5.88	0.794
45.46793	5.33615	6.24	1.041
45.47559	26.46235	5.91	0.141
45.48383	-9.96141	5.84	1.092
45.53865	-6.49454	6.20	0.598
45.56437	-71.90246	5.51	-0.125
45.56988	4.08973	2.54	1.630
45.59382	4.35288	5.62	-0.107
45.59792	-23.62447	4.08	0.163
45.67614	-7.68547	5.32	0.941
45.73276	-46.97504	5.81	1.304
45.87566	28.26991	6.38	0.306
45.90341	-59.73778	5.12	0.349
45.98643	47.84848	6.48	0.301
46.06882	-7.60086	5.26	0.193
46.15861	1.86360	6.05	1.045
46.16935	15.85602	6.37	1.400
46.19913	53.50644	2.91	0.716
46.29414	38.84027	3.32	1.528
46.29707	-8.27425	6.30	1.020
46.33754	40.58218	6.06	1.011
46.36121	25.25517	5.45	-0.031
46.38505	56.70572	4.77	1.018
46.41736	56.06897	6.10	1.049
46.53268	79.41854	5.49	1.569
46.59869	13.18725	5.64	1.087
46.63955	-6.08855	5.23	1.575
46.82916	64.05759	5.89	-0.020
46.85697	17.87999	6.13	-0.123
46.88393	-78.98924	5.67	0.298
46.94726	47.30871	6.38	0.122
46.95391	-69.26492	6.12	1.011
46.96187	-27.83115	6.18	0.166
47.01605	52.21351	6.33	-0.019
47.04221	40.95565	2.09	-0.003
47.08795	18.79505	6.24	1.560
47.16163	8.47107	6.28	1.026
47.22575	62.38460	6.47	0.231
47.26675	49.61328	4.05	0.595
47.33388	20.76112	6.41	1.241
47.37405	44.85754	3.79	0.980
47.40309	29.07708	5.74	0.115
47.53683	27.81977	6.42	0.014
47.61269	26.89623	6.02	1.278
47.61354	-48.73416	6.11	1.118
47.64746	-23.73855	6.37	0.912
47.66164	11.87263	5.97	-0.061
47.77202	-13.26428	6.36	0.614
47.81970	-16.02497	6.25	1.167
47.82242	39.61158	4.61	1.115
47.82823	-3.81160	6.08	1.670
47.84133	13.04784	6.11	1.038
47.90736	19.72668	4.35	1.033
47.92780	81.47071	5.92	0.149
47.98446	74.39366	4.85	0.035
48.01887	-28.98762	3.80	0.543
48.03982	42.37591	6.15	-0.099
48.05936	27.25697	5.78	-0.106
48.10728	-44.41966	5.92	0.440
48.11008	47.72587	6.32	1.425
48.10985	6.66088	5.55	1.011
48.13817	-57.32155	5.71	2.419
48.19349	-1.19610	5.07	0.575
48.25621	-35.94369	6.29	-0.076
48.34947	48.17695	5.93	0.972
48.40811	-29.80413	6.17	1.041
48.72540	21.04444	4.87	-0.007
48.73578	42.50364	6.07	1.093
48.75113	-26.10046	6.25	0.038
48.83515	30.55669	5.61	0.012
48.94643	32.85671	6.30	0.366
48.94988	57.14062	5.79	0.644
48.95282	50.95589	6.46	0.100
48.95844	-8.81973	4.80	0.232
48.99025	-77.38845	5.51	0.438
49.00356	-5.91871	6.17	-0.018
49.00775	34.68851	6.25	0.290
49.01858	45.34613	6.15	1.674
49.05085	50.93766	5.04	1.107
49.09052	-5.73046	6.30	1.648
49.14662	32.18402	5.98	0.988
49.14902	-9.15468	6.14	0.407
49.29774	40.48298	6.44	-0.027
49.36082	-47.75166	5.84	1.228
49.38136	65.65837	6.41	0.079
49.41686	31.12705	6.40	0.574
49.44235	-62.57532	5.53	0.641
49.44064	39.28337	5.97	0.056
49.44731	44.02502	5.49	-0.060
49.49614	-66.92685	6.03	0.133
49.51081	-28.79708	5.93	0.337
49.55341	-62.50636	5.24	0.600
49.59210	-22.51112	4.86	0.904
49.59344	-0.93029	5.62	1.050
49.65726	50.22217	5.16	-0.073
49.67146	-18.55979	5.72	0.381
49.68260	34.22265	4.85	1.491
49.78183	50.09497	5.05	-0.067
49.84040	3.37020	4.84	0.681
49.87917	-21.75786	3.70	1.614
49.89545	-24.12290	5.63	1.663
49.98188	-43.06978	4.26	0.711
49.98249	27.07113	5.91	0.860
49.99697	65.65229	4.74	-0.108
50.08233	77.73474	5.44	0.211
50.08484	29.04846	4.47	1.555
50.10656	25.66274	6.14	1.241
50.18835	-26.60651	6.40	0.542
50.27835	3.67562	5.70	0.964
50.30677	21.14709	5.27	-0.067
50.35004	-23.63514	5.50	0.885
50.36066	43.32965	4.96	0.051
50.38930	-47.77666	6.40	0.989
50.46889	49.07090	5.94	0.468
50.54956	27.60755	5.55	1.100
50.56786	-25.58780	6.36	0.010
50.68851	20.74207	5.10	1.231
50.80498	49.21327	5.32	-0.076
50.82375	-7.79410	6.20	0.702
50.90127	0.91009	6.47	1.154
50.91246	4.88211	6.37	0.851
51.00964	-69.62461	6.14	0.482
51.04221	12.62959	6.03	1.227
51.07698	24.72406	5.50	1.190
51.08071	49.86118	1.79	0.481
51.10882	20.80349	6.07	-0.028
51.12376	33.53596	5.78	-0.001
51.16899	64.58600	5.13	2.038
51.20331	9.02887	3.61	0.887
51.40105	-69.33644	5.96	0.415
51.48267	-35.92089	6.39	0.082
51.48909	49.12076	6.09	-0.073
51.54910	-41.63694	6.33	0.054
51.59385	-27.31748	5.93	0.934
51.64745	28.71509	6.47	0.882
51.79230	9.73268	3.73	-0.082
51.82782	12.73529	6.29	-0.025
51.88925	-35.68132	5.71	1.284
52.00395	-11.28660	5.74	1.102
52.01279	49.06287	4.99	-0.091
52.04802	-35.85343	6.49	0.126
52.08625	33.80756	5.72	0.048
52.09830	60.25567	6.49	0.014
52.11070	22.80401	6.03	0.951
52.21803	49.84838	5.58	-0.054
52.26585	3.24870	6.41	0.790
52.26722	59.94033	4.21	0.419
52.34188	49.50895	4.67	-0.096
52.34449	-62.93753	4.71	0.410
52.35951	46.93787	6.21	0.131
52.40011	-12.67474	5.57	0.171
52.41307	-6.80446	6.01	1.020
52.47810	58.87875	4.55	0.489
52.47978	-42.63426	5.76	0.205
52.49539	-78.35185	5.68	0.932
52.50077	55.45181	5.09	0.022
52.54562	59.36595	6.14	0.095
52.55658	-41.36994	6.12	0.489
52.58082	71.86390	6.37	1.772
52.60195	11.33644	5.14	-0.041
52.64368	47.99522	4.36	1.367
52.65398	-47.37513	5.98	0.116
52.65396	48.10360	5.82	-0.033
52.65441	-5.07515	4.74	-0.092
52.68925	6.18870	5.93	0.953
52.71545	-66.48971	5.81	-0.055
52.71824	12.93668	4.14	1.112
52.87225	49.20977	6.29	0.067
52.95432	49.40109	6.41	0.075
52.97353	-25.61415	6.38	0.120
53.03584	48.02348	5.47	-0.101
53.08385	84.91104	5.62	0.894
53.10942	46.05686	5.30	0.398
53.14501	-50.37865	5.67	1.101
53.14979	9.37344	5.76	-0.072
53.16241	44.85576	6.42	-0.007
53.16674	35.46173	5.91	-0.084
53.21482	-61.01687	6.42	1.037
53.23268	-9.45826	3.72	0.881
53.38419	58.76524	6.45	0.168
53.39598	39.89948	5.79	0.139
53.41275	54.97486	5.98	0.114
53.42184	57.86873	6.37	0.523
53.44698	-21.63288	4.26	-0.106
53.48662	-31.08011	6.20	0.482
53.53491	17.83283	6.14	0.891
53.61094	24.46439	5.95	0.123
53.63995	-31.87480	6.39	1.404
53.65613	-9.86826	6.25	0.019
53.70451	6.41769	6.49	0.642
53.71836	-25.58283	6.48	0.985
53.75420	60.04143	6.43	0.433
53.98853	-5.12495	6.49	1.091
53.99028	-11.19378	5.56	0.915
54.07255	-17.46706	5.24	-0.117
54.12241	48.19263	4.32	-0.058
54.12559	-78.32307	6.29	1.150
54.19704	0.58776	5.82	0.885
54.21826	0.40166	4.29	0.575
54.27367	-40.27455	4.57	1.023
54.44930	15.43055	6.40	0.167
54.50076	42.58284	6.41	-0.064
54.58222	56.93271	6.29	-0.099
54.62189	-7.39186	5.86	0.980
54.69863	-27.94305	6.01	-0.027
54.75466	-5.62621	5.97	0.921
54.85451	75.73962	6.25	0.973
54.85586	-10.43728	6.19	1.031
54.85730	16.53669	6.18	1.000
54.90977	-3.39301	6.22	1.041
54.96301	3.05686	5.55	0.931
54.99820	-1.12123	6.12	0.994
55.04766	-15.22653	6.35	0.881
55.15972	-5.21071	5.53	-0.145
55.19296	25.32949	6.11	0.097
55.28274	37.58020	5.55	-0.062
55.30749	-11.80242	6.49	0.377
55.53885	63.21681	5.06	1.651
55.56209	-31.93836	4.99	-0.159
55.57895	19.70025	5.68	-0.016
55.59436	33.96503	4.97	-0.048
55.63683	-85.26196	6.40	-0.005
55.67806	59.96939	5.74	1.736
55.70856	-37.31352	4.59	1.191
55.73126	47.78755	3.01	-0.125
55.81209	-9.76339	3.52	0.915
55.89097	-10.48566	5.59	0.216
55.94672	19.66503	6.13	0.994
56.02658	-40.66029	6.45	1.059
56.02678	48.52366	6.06	1.552
56.04991	-64.80690	3.84	1.133
56.07972	32.28825	3.84	0.022
56.11751	20.92874	6.09	0.028
56.12713	-1.16309	5.24	-0.088
56.13097	36.46010	5.60	0.062
56.14121	-54.27403	6.29	1.035
56.17046	46.09981	6.10	0.291
56.20090	24.28947	5.45	-0.034
56.21035	-48.06130	6.49	1.011
56.21891	24.11334	3.72	-0.105
56.23541	-0.29672	5.56	1.411
56.29058	24.83926	5.66	-0.064
56.29847	42.57855	3.77	0.425
56.30206	24.46728	4.30	-0.110
56.31615	-47.35948	5.72	0.961
56.34890	-71.65813	6.26	-0.123
56.40454	38.67626	6.45	1.195
56.41851	6.04999	5.34	-0.099
56.45669	24.36775	3.87	-0.063
56.47698	24.55451	5.76	-0.036
56.49692	45.68190	5.66	-0.080
56.50391	67.20161	5.79	0.347
56.50971	63.34505	4.78	0.747
56.51208	24.52790	6.43	-0.020
56.53556	-12.10159	4.43	1.604
56.53901	6.80352	5.91	0.992
56.58156	23.94836	4.14	-0.051
56.61429	-29.33816	5.91	0.110
56.71203	-23.24972	4.22	0.434
56.80975	-74.23896	3.26	1.590
56.87115	24.10514	2.85	-0.086
56.88395	55.92196	6.09	-0.020
56.91521	-23.87468	5.24	0.075
56.95425	32.19541	6.26	0.474
56.95672	-36.10578	6.21	-0.102
56.98350	-30.16788	5.52	0.973
57.02725	24.98842	6.44	1.701
57.06779	11.14329	5.08	-0.125
57.07531	50.73677	6.18	0.028
57.08673	23.42125	5.44	-0.067
57.14877	-20.90298	5.81	1.602
57.14949	-37.62015	4.30	-0.038
57.16231	0.22786	5.91	1.224
57.23725	23.85714	6.47	0.377
57.28382	43.96309	5.95	0.279
57.29059	24.05342	3.62	-0.070
57.29673	24.13671	5.05	-0.082
57.30724	70.87105	5.40	0.096
57.33232	57.11827	6.46	0.061
57.36352	-36.20025	4.17	0.927
57.38034	65.52597	4.39	1.870
57.38621	33.09138	5.14	0.057
57.40249	63.29697	5.82	0.189
57.43138	23.71186	6.17	-0.046
57.47947	22.24415	6.05	-0.006
57.51842	44.96786	5.65	0.779
57.56735	-1.52257	6.47	0.435
57.57891	25.57936	5.24	0.231
57.58962	71.33227	4.59	0.064
57.81612	13.04608	6.30	-0.058
57.92407	68.50749	6.31	-0.057
57.97383	34.35912	5.78	-0.036
58.00095	6.53491	5.66	0.046
58.01852	31.16858	6.22	0.206
58.17357	-5.36126	5.48	-0.090
58.29186	17.32708	5.97	0.354
58.30387	-18.43445	6.21	0.866
58.38883	-46.89367	5.93	1.220
58.39366	25.68288	6.35	0.110
58.41126	48.65050	5.76	1.040
58.41228	-34.73230	5.11	-0.133
58.42793	-24.61223	4.64	-0.136
58.43036	57.97514	5.80	0.182
58.53301	31.88364	2.84	0.271
58.57293	-2.95473	4.46	0.672
58.59651	-40.35701	5.70	0.599
58.64151	-52.69043	6.46	0.158
58.81720	-12.09910	5.99	0.323
58.99239	47.87142	5.39	-0.073
59.01662	-63.46372	6.14	1.094
59.11526	-13.59753	6.37	1.585
59.11954	35.08090	5.49	-0.058
59.12598	71.82161	6.31	0.333
59.15218	50.69538	5.28	0.425
59.15805	-9.75084	6.18	0.269
59.21699	22.47797	5.62	0.345
59.25716	6.03997	6.09	0.058
59.26587	23.17555	6.05	0.031
59.28454	61.10888	4.99	1.435
59.35602	63.07226	4.95	-0.074
59.35992	24.46194	6.19	1.372
59.46346	40.01021	2.90	-0.199
59.50736	-13.50852	2.97	1.588
59.62152	38.84025	6.32	1.081
59.67876	-57.10236	6.05	0.439
59.68646	-61.40019	4.56	1.590
59.71831	-5.46995	5.85	1.001
59.74125	35.79103	3.98	0.016
59.87555	-12.57442	5.61	1.479
59.91872	10.33040	6.35	0.417
59.98118	-24.01622	4.62	-0.121
60.15370	17.29666	6.31	0.056
60.16940	-30.49070	5.93	0.036
60.17007	12.49035	3.41	-0.099
60.20319	18.19400	5.89	0.319
60.22420	-62.15928	4.48	1.500
60.31180	36.98948	6.39	-0.005
60.32563	-61.07882	4.97	1.386
60.38354	-1.54966	5.28	-0.133
60.44223	9.99802	5.67	0.005
60.65310	-0.26892	5.38	0.516
60.78908	5.98931	3.91	0.032
60.85311	-20.14380	6.47	-0.178
60.93585	5.43562	5.32	-0.080
60.98585	8.19727	5.45	0.371
61.03628	-16.58873	6.36	1.266
61.04115	2.82695	5.36	0.505
61.09031	24.10599	5.46	0.813
61.09465	-12.79230	5.62	1.062
61.11317	59.15551	5.00	0.495
61.17043	-20.38186	6.12	1.157
61.17382	22.08193	4.36	1.064
61.33441	22.00891	5.90	0.620
61.40598	-27.65181	5.59	0.324
61.44463	-20.51256	6.34	0.918
61.48545	-8.85610	6.27	0.063
61.51326	68.67997	5.88	1.543
61.64601	50.35126	4.25	-0.011
61.65172	27.59990	5.18	-0.124
61.65266	54.00866	6.31	0.983
61.66184	65.52080	6.14	0.145
61.75189	29.00130	5.21	0.359
61.79491	74.00036	6.49	0.977
61.83976	-64.22229	6.37	0.636
61.92493	15.16279	6.02	0.397
61.99757	17.33990	5.89	1.497
62.06412	37.72749	6.07	0.943
62.15257	38.03973	5.52	0.520
62.16538	47.71251	3.96	-0.025
62.25654	13.39828	5.94	0.052
62.29153	19.60922	5.51	1.077
62.32432	-16.38587	5.45	-0.147
62.34264	54.82886	6.25	0.448
62.36488	59.90807	6.29	1.112
62.42920	3.32270	6.49	0.443
62.50683	86.62614	5.84	0.393
62.51143	80.69868	5.10	0.589
62.59384	-6.92385	5.44	0.941
62.69113	-35.27379	6.43	1.070
62.69902	-8.81981	5.70	1.057
62.70775	26.48095	5.39	0.352
62.71079	-41.99357	4.93	0.334
62.74592	33.58679	5.75	1.412
62.83451	5.52305	5.71	0.360
62.90085	-20.35616	5.80	0.165
62.96642	-6.83758	4.04	0.327
62.98390	-8.83749	6.45	0.950
63.00114	-17.27473	6.41	0.968
63.13064	17.27746	6.09	1.081
63.21352	22.41346	6.14	0.171
63.21593	68.50115	6.33	1.169
63.38793	7.71604	5.29	0.366
63.39404	10.21246	6.24	0.021
63.39884	-40.35776	6.36	1.468
63.40895	-1.14974	6.45	-0.125
63.43676	72.12615	6.05	1.019
63.45765	12.75370	6.25	1.143
63.48494	9.26382	4.84	0.799
63.49872	37.96715	6.47	1.029
63.50048	-42.29437	3.85	1.085
63.59870	-10.25628	4.87	1.156
63.60618	-62.47386	3.33	0.915
63.65098	10.01141	5.22	-0.085
63.70227	-62.19181	5.45	1.106
63.71695	37.54267	6.31	0.958
63.72216	40.48367	4.67	1.007
63.72443	48.40933	4.12	0.935
63.75748	57.46036	6.06	0.600
63.81800	-7.65287	4.43	0.820
63.87000	6.18686	6.32	0.570
63.88357	8.89236	4.27	-0.054
63.94285	15.40070	6.31	0.400
64.00661	-51.48665	4.26	0.312
64.08740	-60.94848	6.34	0.097
64.12095	-59.30216	4.44	1.078
64.17953	53.61180	5.20	0.052
64.22315	61.84999	5.69	-0.116
64.28374	57.86035	5.72	1.108
64.31525	20.57859	4.93	0.259
64.33009	-6.47218	5.95	1.078
64.41780	-63.25541	5.88	-0.061
64.46585	80.53578	6.39	0.947
64.47359	-33.79835	3.55	-0.108
64.49697	-80.21403	5.67	0.836
64.53379	42.14116	6.22	-0.072
64.56091	50.29550	4.60	0.043
64.56699	-20.71526	6.00	1.597
64.59668	21.57930	5.64	0.277
64.65622	-22.96972	6.09	0.302
64.66677	-52.86010	6.08	0.489
64.76203	-33.90462	6.36	0.132
64.80516	50.04870	5.46	0.235
64.81957	-44.26792	5.33	1.066
64.85874	21.14231	5.50	-0.069
64.90294	21.77349	5.34	-0.107
64.90590	10.12144	6.31	1.428
64.94835	15.62764	3.65	0.981
64.99043	14.03520	5.58	0.283
65.04145	31.95317	6.16	1.679
65.04797	50.92093	5.55	-0.031
65.06012	41.80807	5.95	0.962
65.08840	27.35075	4.97	1.150
65.10266	34.56673	4.93	0.950
65.10462	18.74261	6.11	0.404
65.15129	15.09545	5.26	0.225
65.16101	-6.24599	6.15	0.901
65.16256	-20.63962	5.38	-0.027
65.16802	65.14044	5.26	0.820
65.17186	6.13080	5.76	0.914
65.17848	-7.59249	5.85	-0.124
65.21967	13.86443	6.15	0.456
65.24195	-81.57992	5.78	0.359
65.36266	-0.09817	5.86	1.320
65.38048	-25.72858	6.08	0.371
65.38820	46.49888	4.80	-0.022
65.40631	-6.28417	6.45	0.056
65.44854	60.73563	5.40	1.497
65.46586	56.50632	5.91	0.112
65.47219	-63.38639	5.24	0.955
65.51466	14.07720	5.72	0.315
65.59471	20.82142	5.91	1.660
65.64560	25.62931	5.38	-0.041
65.73372	17.54251	3.77	0.983
65.74145	59.61618	6.18	0.108
65.77364	-24.89216	5.81	1.507
65.78232	-35.54482	6.38	1.242
65.85443	16.77726	5.64	0.310
65.88486	20.98204	6.00	0.029
65.89923	42.42791	6.25	0.023
65.92022	-3.74547	5.17	0.072
65.96594	9.46097	5.10	0.074
65.99901	24.30099	6.34	0.173
66.00924	-34.01685	3.97	1.468
66.02400	17.44413	4.80	0.154
66.05086	-57.07134	6.28	0.659
66.06034	12.15799	6.42	1.408
66.12148	34.13076	5.73	-0.054
66.15609	33.95969	5.77	0.400
66.23803	19.04201	5.97	0.378
66.27224	-61.23819	5.94	1.533
66.32966	-44.16090	6.38	0.457
66.34236	22.29387	4.21	0.136
66.35423	22.20000	5.27	0.250
66.37243	17.92791	4.30	0.049
66.40549	15.94101	6.44	0.509
66.50562	4.37345	6.37	1.078
66.52629	31.43891	5.29	0.986
66.57693	22.81358	4.28	0.263
66.58642	15.61827	4.48	0.262
66.58793	8.59027	6.06	-0.010
66.65155	14.71378	4.69	0.979
66.73721	-24.08132	6.11	0.143
66.75291	2.07941	6.23	1.087
66.75364	57.58529	6.28	0.063
66.76226	80.82416	5.42	1.179
66.77489	-46.94751	6.10	0.470
66.82270	22.99634	5.53	-0.098
66.86987	11.21230	5.87	0.049
66.94178	-62.52121	5.74	1.005
67.00326	21.61991	5.72	0.270
67.01516	1.85861	6.14	1.018
67.03943	-41.95983	6.41	1.614
67.05530	83.80779	5.51	-0.106
67.09751	14.74097	5.90	0.325
67.10988	16.35967	4.96	1.137
67.13383	1.38082	5.53	-0.099
67.14373	15.96218	3.84	0.952
67.15416	19.18043	3.53	1.014
67.16266	-19.45887	5.95	1.215
67.16559	15.87088	3.40	0.179
67.20902	13.04760	5.02	0.215
67.21663	30.36149	6.38	0.547
67.27886	-13.04837	5.61	-0.202
67.33369	-46.51527	6.13	1.062
67.50152	83.34038	5.47	0.855
67.50954	10.26221	6.47	1.038
67.53583	15.63784	5.58	0.324
67.54168	-13.59237	6.22	1.001
67.64014	16.19401	4.78	0.170
67.65568	13.72440	5.40	0.263
67.66003	32.45777	6.18	-0.026
67.66204	15.69188	5.47	0.258
67.66804	-35.65350	5.95	1.005
67.70875	-44.95375	5.07	-0.194
67.77996	15.10504	6.28	1.725
67.85041	40.01019	6.25	0.009
67.85771	-13.64422	6.25	0.086
67.96566	15.85156	6.01	0.338
67.96945	-0.04401	4.91	1.320
67.98728	36.74269	6.35	1.089
68.00767	53.91083	5.78	0.119
68.02004	5.41003	6.37	0.420
68.15647	-3.20954	5.76	-0.117
68.34203	-10.78533	6.06	1.379
68.35376	43.06389	6.09	0.370
68.37783	72.52860	5.94	0.306
68.37730	-29.76649	4.49	0.972
68.38770	18.01672	6.24	0.077
68.39146	-62.82368	5.79	1.028
68.45073	9.41357	6.01	1.061
68.46216	14.84442	4.65	0.255
68.47803	-6.73891	5.71	-0.128
68.49907	-55.04497	3.30	-0.079
68.53445	5.56862	5.67	0.055
68.54845	-8.23135	5.20	1.708
68.54904	-8.97026	5.24	1.465
68.55914	-6.83781	6.09	1.384
68.65830	28.96115	5.88	-0.048
68.65892	-24.04050	6.37	1.137
68.75296	-19.92138	6.12	1.174
68.88766	-30.56234	3.81	0.957
68.91358	10.16079	4.25	0.184
68.92733	19.88179	6.33	0.754
68.98016	16.50930	0.87	1.538
69.00697	-3.61164	6.34	-0.100
69.07976	-3.35246	3.93	-0.210
69.10082	64.26160	5.91	-0.009
69.12141	23.34085	6.01	0.380
69.17262	41.26481	4.25	1.171
69.18997	-62.07715	5.59	1.500
69.21221	-30.71678	6.28	-0.095
69.30697	0.99831	5.32	-0.107
69.31158	18.54303	6.49	0.810
69.33028	-41.87294	6.40	0.167
69.40055	-2.47355	5.22	0.283
69.53935	16.03329	5.78	0.312
69.53943	12.51084	4.27	0.122
69.54510	-14.30402	3.86	1.082
69.56596	20.68472	5.85	-0.019
69.59052	-77.65600	6.05	1.080
69.72315	-12.12312	4.99	0.074
69.76792	-51.67275	6.45	1.321
69.77565	7.87098	5.38	0.257
69.78840	15.79985	5.08	0.141
69.81876	15.91798	4.67	0.147
69.83213	-14.35919	5.46	1.054
69.84645	25.21827	6.21	0.176
69.94676	-1.05246	6.11	0.943
69.97783	53.07954	5.07	1.079
69.99195	53.47302	5.36	0.331
70.01424	12.19761	5.45	-0.121
70.02834	-24.48237	5.56	0.926
70.11046	-19.67149	4.32	1.599
70.14047	-41.86375	4.44	0.342
70.33234	28.61499	5.73	0.018
70.35054	48.30088	5.66	0.002
70.45940	38.28018	5.97	0.593
70.51450	-37.14430	5.04	0.391
70.56126	22.95693	4.27	-0.112
70.69343	-50.48133	5.30	0.977
70.72636	43.36514	5.30	0.028
70.76651	-70.93103	5.53	-0.114
70.78872	-30.76556	5.66	1.391
70.80732	24.08892	6.18	0.544
70.83997	49.97379	5.86	0.013
70.89477	-8.79432	5.98	0.645
70.93447	-41.06479	6.24	1.468
70.95100	32.86546	6.49	0.311
71.02217	-8.50357	5.78	-0.076
71.03326	-18.66659	5.53	0.025
71.05425	40.78645	6.09	0.040
71.08814	-59.73273	5.28	0.206
71.10762	11.14614	5.39	0.251
71.24125	-63.22971	6.46	1.077
71.26734	-21.28338	5.72	1.476
71.37563	-3.25466	4.01	-0.148
71.42695	23.62800	6.34	0.058
71.48105	-39.35662	6.04	1.065
71.50240	76.61104	6.46	0.512
71.50725	11.70559	5.35	0.197
71.57012	18.73469	5.99	1.221
71.60068	-2.95453	6.33	0.041
71.60729	-28.08744	6.18	0.189
71.68533	40.31259	5.99	0.934
71.90122	-16.93446	5.49	0.632
71.95657	-30.02037	6.35	1.071
72.00114	56.75718	5.29	0.246
72.02927	55.60261	6.32	0.320
72.13555	-16.32948	5.76	0.537
72.15161	-5.67404	5.77	0.631
72.18594	3.58853	6.04	1.200
72.20981	75.94122	5.96	0.283
72.30353	31.43737	5.57	1.132
72.32949	32.58819	5.84	0.250
72.42602	-13.76967	6.27	0.456
72.43367	15.90422	6.09	1.551
72.46004	6.96128	3.19	0.484
72.47766	37.48827	4.89	1.447
72.54840	-16.21716	5.03	0.992
72.56742	-41.32085	6.06	0.408
72.65162	70.94153	6.36	-0.069
72.65301	8.90018	4.35	0.010
72.73045	-53.46151	5.58	0.341
72.73539	-53.45970	6.42	0.483
72.78886	48.74068	5.64	1.013
72.80152	5.60510	3.68	-0.157
72.84359	18.83986	5.08	0.214
72.86757	-34.90629	5.82	0.105
72.93076	9.97508	6.11	0.060
72.95828	13.65516	6.30	0.502
73.02175	63.50542	5.47	1.559
73.13318	14.25064	4.71	1.773
73.15825	36.70319	4.79	1.414
73.19632	27.89749	5.97	0.368
73.19899	42.58663	5.68	0.115
73.22362	-5.45270	4.36	0.257
73.27352	-72.40768	6.28	0.521
73.29076	52.84116	6.40	0.068
73.34489	2.50823	5.33	1.632
73.37707	-66.67541	6.43	1.640
73.51255	66.34268	4.26	-0.008
73.56290	2.44067	3.71	-0.179
73.69540	11.42601	5.18	0.121
73.69909	7.77910	5.33	1.214
73.71128	0.46717	5.98	-0.116
73.71351	44.06086	6.06	-0.032
73.72099	-58.54765	6.11	0.442
73.72387	10.15083	4.64	0.085
73.72839	-39.62861	6.11	1.423
73.74317	19.48539	6.36	0.292
73.76302	55.25911	5.52	0.015
73.77843	-16.74067	5.71	0.953
73.79667	-74.93685	5.47	1.518
73.82771	-16.41777	5.71	0.874
73.95897	15.04028	5.79	-0.085
74.02948	52.86976	5.75	0.105
74.03737	7.90470	6.42	0.415
74.06491	24.59222	6.33	0.351
74.08370	36.16854	6.10	0.352
74.09281	13.51447	4.06	1.158
74.10077	-5.17136	5.50	-0.123
74.24841	33.16609	2.69	1.490
74.32163	-1.06726	6.25	0.423
74.32165	53.75210	4.43	-0.017
74.34309	17.15368	5.51	1.304
74.43619	-14.23192	6.15	-0.202
74.45270	23.94856	5.79	1.109
74.53914	25.05041	5.79	0.018
74.54547	-2.21274	6.34	0.110
74.63709	1.71402	4.47	1.369
74.71235	-82.47051	5.84	0.932
74.74754	14.54324	6.14	0.156
74.75568	-16.37603	5.65	0.447
74.81421	37.89024	4.93	0.037
74.94304	53.15545	6.09	1.462
74.96022	-10.26333	5.39	0.797
74.98224	-12.53742	4.78	0.267
75.05514	-78.30001	6.29	1.517
75.07641	39.39470	5.95	0.415
75.08634	81.19409	5.09	1.304
75.09673	39.65465	6.46	1.677
75.16587	-2.06603	6.31	0.293
75.20417	-5.75368	6.22	1.049
75.35659	-20.05192	4.91	-0.047
75.35977	-7.17397	4.80	-0.164
75.39385	-39.71805	6.02	0.893
75.40018	61.07800	6.03	0.448
75.45980	0.72211	5.91	1.267
75.49223	43.82331	3.03	0.537
75.50010	1.60886	6.45	-0.050
75.54092	-26.27503	5.01	1.056
75.58256	74.26937	6.05	1.562
75.59502	-31.77133	5.92	1.170
75.61953	41.07584	3.69	1.154
75.67916	-71.31430	5.30	0.996
75.68743	-22.79505	5.74	1.188
75.68914	-4.21012	5.86	1.212
75.70286	-49.15141	5.37	0.421
75.71016	66.82297	6.20	0.509
75.77395	21.58996	4.62	0.155
75.82765	41.44165	6.11	0.188
75.85454	60.44225	4.03	0.921
75.96719	-14.37023	6.42	-0.187
75.97197	-24.38815	5.61	0.094
75.97480	-41.74495	6.30	0.528
76.05332	73.76389	6.21	1.609
76.06069	30.49459	6.14	1.208
76.08995	21.27793	6.20	1.324
76.10168	-35.48298	4.55	1.177
76.10899	-35.70511	6.32	0.311
76.14229	15.40411	4.65	-0.064
76.16528	74.06696	6.10	0.018
76.22719	-3.03967	6.04	-0.117
76.24173	-49.57784	5.05	1.484
76.25252	-54.40740	6.26	1.554
76.31748	-26.15239	5.71	1.166
76.34882	1.17763	6.10	3.332
76.36527	-22.37103	3.19	1.460
76.37773	-57.47270	4.71	0.526
76.38375	19.80672	6.48	0.219
76.50382	35.93639	6.49	0.184
76.53522	58.97237	5.22	-0.080
76.53873	-73.03767	6.26	0.010
76.55057	59.02134	6.08	1.112
76.62378	61.16976	6.00	1.380
76.62872	41.23447	3.18	-0.148
76.65310	-13.12262	6.04	-0.030
76.66929	51.59772	4.98	0.343
76.69022	-4.65516	5.12	-0.059
76.70648	43.17470	6.20	0.444
76.79064	-19.39187	6.47	0.648
76.85401	-12.49127	5.97	0.606
76.86253	18.64505	4.91	0.657
76.89178	-63.39968	5.19	1.646
76.90964	9.47178	6.15	0.625
76.95166	20.41838	5.28	0.118
76.95753	-12.59266	6.33	1.617
76.96244	-5.08645	2.78	0.161
76.97039	8.49843	5.33	0.338
76.98098	21.70482	5.84	0.168
77.02760	24.26517	5.50	0.030
77.05524	-15.09535	6.38	0.889
77.08413	-8.66532	5.80	-0.059
77.18208	-4.45621	5.11	0.455
77.28660	-8.75408	4.25	-0.187
77.33184	9.82958	5.43	0.249
77.40300	69.63940	6.43	1.101
77.42481	15.59723	4.81	0.313
77.43544	64.91949	6.37	0.448
77.43788	28.03046	5.93	0.311
77.51359	-0.56532	6.11	1.098
77.57836	37.30185	6.02	0.720
77.67883	46.96207	5.67	0.452
77.68580	-25.91046	6.40	1.246
77.74177	-2.25411	6.24	0.984
77.82990	-2.49078	5.89	0.462
77.84530	-11.84909	5.60	1.350
77.90965	29.90358	6.42	1.752
77.92318	16.04567	5.18	1.525
77.93896	1.03703	5.88	0.662
78.07459	-11.86922	4.45	-0.099
78.09358	73.94667	5.44	-0.108
78.20054	-6.05719	5.90	0.960
78.23292	-16.20547	3.29	-0.110
78.26173	61.85004	6.17	0.032
78.30782	-12.94129	4.36	-0.094
78.32284	2.86127	4.46	1.166
78.32269	37.33731	6.48	0.542
78.35716	38.48450	4.82	0.189
78.38018	62.69113	6.49	0.204
78.38149	1.96768	6.08	0.421
78.43939	-67.18526	4.81	1.274
78.44689	0.56042	6.33	1.463
78.47223	-52.03076	6.03	1.392
78.49979	-14.60687	6.22	0.377
78.62019	-35.97700	5.75	1.009
78.63447	-8.20164	0.18	-0.030
78.64801	76.47276	6.36	-0.011
78.68353	5.15615	5.50	1.369
78.68446	53.21395	6.16	0.084
78.79751	59.40569	6.15	1.179
78.82709	-1.40904	6.15	0.401
78.85155	-26.94351	5.06	-0.067
78.85164	32.68760	5.01	0.222
78.85349	-73.58848	6.49	0.150
78.86522	22.28486	6.26	0.075
78.91173	-52.18218	6.48	1.213
79.01723	11.34135	5.52	-0.012
79.04399	-11.35255	6.45	0.670
79.07562	34.31232	5.99	0.199
79.17100	1.94733	6.42	-0.015
79.17233	45.99799	0.08	0.795
79.37121	-34.89521	4.81	0.987
79.40162	-6.84441	3.59	-0.115
79.41767	-13.51983	5.48	0.932
79.54404	33.37161	4.54	1.252
79.55515	73.26807	5.81	-0.023
79.56540	42.79211	5.55	1.492
79.57875	33.76735	6.15	-0.043
79.66802	40.46512	6.22	1.386
79.71030	-18.13005	5.96	0.572
79.75012	33.74839	5.38	-0.167
79.78531	40.09905	4.69	0.630
79.79675	2.59581	5.34	0.412
79.81122	20.13460	6.12	1.020
79.81918	22.09649	4.96	0.937
79.82266	-18.51992	6.37	-0.134
79.84223	-50.60597	5.44	0.517
79.84869	-27.36888	5.98	-0.022
79.84893	33.98542	6.49	0.256
79.86607	58.11736	6.13	-0.031
79.89385	-13.17679	4.29	-0.235
79.89702	-1.41189	6.33	-0.105
79.99593	-12.31559	5.29	-0.104
80.00384	33.95805	5.05	0.287
80.00966	44.42538	6.49	1.331
80.06112	41.08621	5.46	0.122
80.08629	-34.69886	6.34	0.318
80.09421	62.65371	5.64	1.728
80.11003	-5.36753	6.40	-0.047
80.11216	-21.23976	4.70	-0.048
80.16950	66.74688	6.39	0.921
80.18234	2.54478	6.43	1.041
80.23590	19.81435	6.20	1.229
80.24723	27.95726	6.35	0.039
80.30286	29.56988	5.66	0.060
80.32025	-34.34505	6.05	-0.176
80.33045	4.01195	6.49	-0.089
80.38268	-0.41649	5.68	-0.125
80.43150	8.42856	5.78	-0.114
80.44062	-0.38247	4.72	-0.168
80.44273	-24.77298	5.06	0.662
80.45173	41.80457	5.22	-0.129
80.48046	-17.60363	6.47	1.206
80.59228	-56.13440	6.10	-0.091
80.63972	79.23115	5.08	0.506
80.70833	3.54445	4.99	-0.096
80.70965	41.02926	5.54	0.127
80.79998	-26.70543	6.49	0.505
80.82713	-8.41560	5.99	-0.037
80.84530	28.93676	6.45	-0.040
80.85010	-39.67842	5.73	1.626
80.86601	57.54440	5.24	-0.011
80.87565	-13.92735	5.25	-0.219
80.87944	5.32309	6.34	0.123
80.90711	16.69930	6.09	0.141
80.92629	-0.15982	5.69	-0.208
80.96387	-0.86662	6.13	0.483
80.98678	-7.80806	4.13	0.943
81.10610	17.38353	5.00	0.544
81.11871	-16.97578	5.64	-0.001
81.11924	-2.39715	3.35	-0.240
81.12045	-0.89133	5.07	0.961
81.15042	2.35316	6.33	-0.145
81.16010	31.22391	6.30	1.251
81.16050	31.14315	5.94	0.034
81.16309	37.38535	5.02	1.445
81.18667	36.19995	6.49	1.645
81.18678	1.84644	4.89	-0.200
81.19286	-52.31625	6.26	0.067
81.23157	-44.22568	6.09	1.195
81.24757	73.70720	6.48	1.738
81.25727	-10.32889	5.60	1.543
81.28276	6.34970	1.64	-0.224
81.40208	-1.49129	6.44	-0.162
81.44591	0.52024	6.18	-0.178
81.49927	-19.69540	5.78	0.441
81.50985	-5.51850	6.24	-0.047
81.52384	16.70016	6.23	-0.084
81.57297	28.60745	1.65	-0.130
81.58028	-58.91252	5.14	0.986
81.66179	6.86866	6.41	-0.023
81.70335	34.39181	5.92	0.138
81.70928	3.09567	4.59	-0.199
81.71368	33.26226	6.18	1.152
81.72632	35.45727	6.17	1.453
81.74918	-68.62254	6.02	0.346
81.76985	-11.90096	6.30	0.553
81.77217	-40.94351	5.86	0.239
81.78447	30.20860	5.69	0.175
81.79206	17.96222	5.40	-0.090
81.80789	15.25763	6.18	0.083
81.81417	2.34120	6.36	0.965
81.90209	-21.37571	6.08	1.032
81.90869	21.93697	4.88	-0.140
81.91203	34.47589	5.08	1.400
81.94004	15.87405	5.52	0.015
82.00390	33.76370	6.41	0.510
82.00613	1.29825	6.41	-0.173
82.00671	17.23913	5.77	1.634
82.06135	-20.75944	2.81	0.807
82.06390	-37.23077	5.56	0.026
82.14489	13.67898	6.35	0.168
82.23712	-3.30743	6.39	-0.007
82.31875	25.15022	5.47	-0.042
82.34869	-3.44639	5.80	1.149
82.41939	29.18646	6.20	0.476
82.42342	-0.80251	6.49	0.251
82.43326	-1.09224	4.71	1.592
82.47823	1.78926	5.77	-0.192
82.53950	-47.07765	5.46	0.615
82.54251	63.06722	5.43	1.704
82.55787	-84.78510	6.18	-0.003
82.56613	-63.92769	6.19	0.225
82.58301	4.20479	6.21	1.280
82.58647	-7.43481	6.33	-0.194
82.60902	15.36045	5.93	0.103
82.68062	22.46225	6.29	1.180
82.68785	39.82592	6.38	0.986
82.69605	5.94814	4.20	-0.143
82.70271	41.46199	5.99	1.112
82.78178	-20.86366	5.53	0.012
82.80315	-35.47052	3.86	1.130
82.81055	3.29213	5.46	-0.176
82.83706	-6.70838	6.23	-0.178
82.90002	-45.92532	5.86	1.349
82.97090	-76.34096	5.18	1.130
82.98275	-7.30154	4.62	-0.261
83.00167	-0.29909	2.25	-0.175
83.05313	18.59423	4.32	2.060
83.05893	17.05813	5.50	-0.004
83.14084	57.22107	6.44	0.587
83.15825	0.01193	6.15	1.553
83.17231	-1.59183	5.34	-0.188
83.18197	32.19202	4.71	0.281
83.18257	-17.82229	2.58	0.211
83.21423	-38.51337	5.45	1.224
83.24820	-64.22752	5.34	1.039
83.28078	-35.13938	5.75	1.085
83.38103	-1.15607	5.36	-0.175
83.38179	18.54023	5.67	-0.022
83.40632	-62.48983	3.76	0.640
83.40923	34.72557	6.27	0.170
83.41183	20.47422	6.19	-0.034
83.43485	-54.90229	6.42	0.550
83.47618	14.30558	5.60	-0.118
83.51030	-7.02375	6.45	1.116
83.51621	-1.03573	6.24	-0.160
83.51686	-1.47025	5.92	1.535
83.56989	3.76690	5.32	0.051
83.62202	-0.01234	6.25	0.997
83.68659	-73.74128	5.79	1.717
83.70515	9.48958	4.39	-0.157
83.73930	-61.17605	6.32	0.845
83.75420	-6.00927	5.67	-0.228
83.76117	-6.00203	4.78	-0.248
83.78449	9.93416	3.39	-0.160
83.80517	10.24009	5.60	0.149
83.81448	-33.07972	5.76	1.120
83.81593	-5.38732	4.98	
83.81861	-5.38970	5.13	0.020
83.84298	-4.42432	6.24	-0.148
83.84542	-5.41606	4.98	-0.097
83.84652	-4.83836	4.58	-0.183
83.85826	-5.90990	2.75	-0.210
83.86304	24.03959	5.37	-0.092
83.89960	-3.25284	6.40	-0.122
83.90070	-78.82084	6.04	-0.018
83.91452	-4.85607	5.24	0.269
83.98125	27.66235	6.27	1.529
84.01186	-47.31375	6.10	1.159
84.04290	-28.70802	6.26	0.151
84.05339	-1.20192	1.69	-0.184
84.06650	47.71529	6.10	0.295
84.14674	54.42866	5.74	1.671
84.14872	-6.06475	5.71	-0.212
84.21840	40.18238	6.08	1.032
84.22662	9.29067	4.09	0.951
84.22908	-66.56029	6.28	-0.052
84.26557	17.04032	5.53	0.237
84.26826	11.03500	5.97	1.592
84.28655	-11.77552	6.10	0.051
84.29122	-80.46912	5.65	0.600
84.28686	26.92447	5.83	-0.075
84.31279	64.15469	6.15	0.006
84.31676	66.69669	6.26	0.231
84.31878	-27.87136	6.15	0.322
84.33046	8.95187	6.11	-0.170
84.36399	-5.93839	6.03	-0.210
84.41119	21.14255	2.97	-0.148
84.43591	-28.68969	5.28	0.486
84.44086	33.55917	6.36	1.306
84.47244	-4.81403	6.16	-0.029
84.50466	7.54142	5.87	-0.061
84.57258	-50.64099	6.43	-0.047
84.65822	-6.57396	5.96	-0.216
84.65869	30.49241	5.40	0.450
84.68135	-40.70731	5.81	-0.078
84.68653	-2.60007	3.77	-0.190
84.72118	-7.21283	4.77	0.139
84.73905	26.61807	6.45	0.980
84.78624	41.35856	6.44	1.000
84.79644	4.12147	4.50	-0.098
84.81760	-17.84941	6.40	-0.095
84.82630	29.21521	5.98	0.144
84.86295	21.76293	6.42	0.066
84.87850	-9.70663	6.49	-0.107
84.87980	-3.56470	5.99	0.294
84.91225	-34.07411	2.65	-0.120
84.93210	75.04387	6.19	1.606
84.93416	25.89709	5.18	-0.150
84.95767	-32.62922	5.44	0.913
85.14961	31.35820	6.04	0.037
85.15540	-2.82524	6.22	-0.194
85.17521	31.92061	6.23	2.088
85.18970	-1.94257	1.74	-0.199
85.19246	-10.40866	6.46	-0.127
85.21131	-1.12879	4.95	-0.197
85.27332	0.33775	5.93	0.311
85.32383	16.53415	4.84	-0.125
85.33473	53.48106	6.21	0.840
85.33741	29.48742	6.40	-0.081
85.36219	-33.40074	6.35	-0.040
85.41807	-2.89646	6.41	0.320
85.42296	-16.72583	6.22	-0.136
85.51661	22.66032	6.35	1.194
85.54825	-30.53544	6.18	0.023
85.55816	-22.37372	5.88	0.080
85.56032	-17.53038	6.15	1.376
85.56331	-34.66781	5.29	-0.032
85.61020	65.69765	5.62	1.249
85.61930	1.47463	4.90	1.144
85.72465	-6.79617	5.97	0.447
85.75698	56.58152	6.05	0.951
85.78883	-1.61325	6.31	1.467
85.83126	23.20437	6.23	-0.071
85.84029	-18.55748	5.73	-0.014
85.87577	-39.40691	6.25	0.377
85.92141	-45.83286	6.38	0.295
86.03519	61.47654	6.17	0.902
86.11579	-22.44838	3.59	0.481
86.11831	-20.12657	6.34	0.580
86.19324	-65.73553	4.34	0.217
86.25537	12.88833	6.47	0.234
86.25747	4.00811	6.09	0.320
86.47516	49.82626	5.46	0.030
86.49956	-32.30643	5.18	-0.274
86.51195	-4.26848	6.24	1.050
86.61405	-46.59718	5.31	1.040
86.62663	56.11558	5.93	0.164
86.64547	1.16819	5.95	0.773
86.68957	15.82250	6.00	-0.061
86.71723	9.52234	5.78	0.888
86.73892	-14.82195	3.55	0.104
86.75018	51.52087	6.47	0.898
86.76907	-28.63891	6.22	-0.132
86.78252	-16.23808	6.18	0.892
86.80480	14.48832	5.72	0.077
86.80554	-54.36073	6.19	1.406
86.81119	42.52675	6.30	1.354
86.82120	-51.06651	3.85	0.171
86.82786	-35.67407	6.29	1.191
86.85915	17.72914	5.47	0.301
86.86205	-10.53296	6.04	0.135
86.88434	63.59885	6.49	1.010
86.89444	25.56862	6.48	1.193
86.92878	13.89960	5.28	-0.156
86.93912	-9.66960	2.07	-0.168
87.00098	6.45416	5.26	0.234
87.09320	20.86948	6.03	-0.051
87.14559	-4.09465	5.97	0.639
87.25403	24.56753	4.88	1.021
87.26939	62.80819	6.18	0.128
87.29349	39.18107	4.51	0.949
87.38721	12.65132	4.89	-0.068
87.39219	-44.87539	6.38	1.262
87.40226	-14.48367	5.49	0.870
87.45693	-56.16666	4.50	1.075
87.47292	-22.97187	5.87	0.055
87.47300	-66.90119	5.10	-0.128
87.51119	9.87122	5.79	0.876
87.55444	4.42341	5.96	1.361
87.56994	-79.36136	5.46	-0.076
87.62009	-52.76788	6.32	0.746
87.62044	14.30561	5.54	1.006
87.62511	2.02470	5.97	0.953
87.72175	-52.10887	5.16	0.960
87.73488	51.51458	6.29	1.047
87.73997	-35.76831	3.12	1.146
87.74212	27.96786	5.60	0.978
87.76016	37.30557	4.72	1.621
87.83040	-20.87909	3.76	0.984
87.84160	-7.51800	5.36	-0.195
87.84621	-64.03357	6.35	0.866
87.85729	32.12469	6.28	1.752
87.86923	-22.92695	6.16	1.020
87.87250	39.14848	3.97	1.132
87.99828	-29.44943	6.47	1.473
88.03220	-9.04190	5.95	0.100
88.07189	58.96409	6.14	-0.036
88.08417	-57.15619	5.93	0.656
88.09288	14.17179	5.60	-0.053
88.09752	19.86785	5.96	0.549
88.11016	1.85513	4.76	1.382
88.13827	-37.63106	5.62	1.046
88.16527	39.57470	6.40	0.098
88.16705	33.91746	6.04	1.579
88.23122	68.47154	6.22	0.955
88.27867	-33.80136	4.88	-0.154
88.33186	27.61226	4.56	-0.008
88.52523	-63.08963	4.65	1.022
88.55563	10.58640	6.13	1.404
88.55843	-29.14721	6.34	0.370
88.56566	3.22564	6.30	1.283
88.59576	20.27617	4.39	0.594
88.67133	-49.62701	6.11	-0.148
88.68179	-11.77419	5.62	1.523
88.68349	0.96862	5.99	1.328
88.70872	-52.63548	5.29	0.295
88.71159	55.70695	4.96	0.052
88.71868	-39.95786	5.55	1.515
88.73619	19.74961	5.92	-0.145
88.74095	59.88837	5.20	0.010
88.74579	31.70150	5.90	0.144
88.79294	7.40706	0.45	1.500
88.87465	-37.12067	4.97	1.102
88.87571	-4.61655	5.87	1.173
88.89737	-4.78859	6.28	0.056
89.05946	-22.83998	5.95	1.107
89.08727	-31.38244	5.52	0.382
89.10122	-14.16770	3.71	0.337
89.11682	9.50940	5.97	-0.038
89.14070	28.94227	6.35	0.275
89.14349	-23.21531	6.37	1.068
89.20419	-31.97625	6.44	1.070
89.20604	11.52106	5.89	1.111
89.23383	24.24969	6.03	0.346
89.30989	-53.42569	6.48	1.480
89.38421	-35.28328	4.36	-0.165
89.39592	66.09610	6.24	1.369
89.47705	1.22431	6.22	1.461
89.49857	25.95391	4.81	-0.088
89.54879	-0.99402	6.21	1.140
89.60184	1.83711	5.89	0.223
89.65645	-44.03456	5.81	1.061
89.70655	0.55298	5.21	0.009
89.72182	12.80826	5.70	0.874
89.75450	-9.38222	6.15	0.333
89.76797	-9.55825	5.04	0.189
89.78669	-42.81514	3.96	1.146
89.84075	49.92454	5.90	1.194
89.88182	54.28466	3.72	1.010
89.88218	44.94743	1.90	0.077
89.93029	37.21259	2.65	-0.083
89.94094	55.32086	6.42	0.318
89.94978	54.54701	6.14	1.197
89.98375	45.93674	4.30	1.701
90.01396	-3.07425	4.53	1.202
90.07358	-12.90003	6.21	0.358
90.07875	44.59201	6.21	1.128
90.20488	-51.21632	5.65	0.207
90.24401	47.90192	5.71	-0.007
90.25189	27.57236	6.04	0.218
90.29185	31.03452	6.18	0.095
90.30457	-25.41776	6.04	0.027
90.31791	-33.91184	5.54	1.580
90.33447	85.18211	6.17	1.564
90.42344	22.40100	6.36	-0.071
90.42941	48.95945	5.98	1.437
90.46009	-10.59793	4.92	-0.128
90.53890	-60.09683	6.41	1.508
90.59583	9.64728	4.12	0.170
90.64088	-14.49716	6.20	0.947
90.68809	47.80953	6.49	0.567
90.70251	49.90568	6.04	-0.033
90.72290	43.37833	6.38	1.205
90.72989	32.63570	6.23	0.456
90.81502	-26.28454	5.03	1.335
90.82482	42.91156	6.08	0.979
90.85320	11.68106	6.09	-0.035
90.86403	19.69056	5.14	-0.097
90.97994	20.13845	4.64	0.236
91.03006	23.26334	4.16	0.835
91.05626	-6.70894	5.19	-0.066
91.08444	-32.17243	5.65	-0.186
91.11850	-45.03660	6.35	0.517
91.12128	51.57339	6.39	0.196
91.16709	-45.07893	5.93	0.493
91.24243	5.41997	5.67	1.047
91.24317	4.15867	5.63	1.041
91.24637	-16.48443	4.92	0.196
91.26076	37.96427	6.32	0.825
91.26410	42.98164	5.90	0.358
91.28429	59.39321	6.32	1.116
91.28894	75.58592	6.28	1.512
91.36263	-10.24260	5.88	0.374
91.36325	-35.51365	5.80	0.027
91.39125	33.59905	6.23	-0.079
91.52308	-29.75862	5.79	0.041
91.53556	35.38774	6.12	0.600
91.53885	-14.93525	4.67	0.046
91.53909	-66.03962	5.72	-0.024
91.59353	29.51241	6.01	1.730
91.63374	-23.11085	5.46	0.064
91.64624	38.48264	5.35	0.251
91.66140	-4.19384	5.37	-0.122
91.66314	63.45384	6.42	1.011
91.67100	-42.29880	6.15	0.246
91.73964	-21.81230	5.74	1.584
91.75788	-45.09151	6.48	1.162
91.76412	-62.15458	5.04	1.256
91.76529	-34.31202	5.82	-0.137
91.86149	41.85428	6.15	1.202
91.88180	-37.25292	5.00	-0.095
91.89302	14.76847	4.42	-0.164
91.92349	-19.16587	5.28	1.661
91.97025	-42.15404	5.50	0.007
92.09640	41.05573	6.34	1.044
92.14429	-44.35621	6.26	-0.135
92.18442	-68.84341	5.06	-0.072
92.19876	-6.82137	6.46	0.876
92.24110	-22.42741	5.49	-0.010
92.24126	2.49969	5.70	0.067
92.33416	-18.12639	6.36	-0.040
92.34760	-49.56283	6.48	0.502
92.38515	22.19026	5.93	1.626
92.39385	-14.58462	5.56	1.150
92.40105	-5.71143	6.16	0.352
92.43327	23.11347	5.75	0.192
92.44644	-26.70109	6.27	1.010
92.44984	-22.77434	5.71	0.454
92.49589	58.93569	5.35	1.096
92.54335	-40.35379	5.54	1.665
92.56031	-74.75305	5.08	0.714
92.57462	-54.96864	4.72	-0.229
92.64450	-27.15434	5.72	1.072
92.66637	-45.28199	6.28	-0.012
92.75506	-6.75422	6.15	0.010
92.75738	18.13046	6.37	1.350
92.80670	60.45349	6.48	1.698
92.80690	-26.48210	6.08	-0.021
92.81243	-65.58942	5.01	1.599
92.86629	13.63856	6.04	0.021
92.88461	24.42025	5.83	1.110
92.90246	48.71099	5.78	0.100
92.93215	-4.66544	6.18	-0.079
92.94131	52.64719	6.28	0.141
92.96589	-6.55029	5.06	-0.201
92.98498	14.20877	4.45	-0.180
93.00558	19.79054	5.76	-0.071
93.01366	16.13041	4.95	-0.149
93.08385	32.69338	5.78	1.646
93.21276	65.71842	5.36	1.344
93.24822	6.01626	6.45	1.621
93.30210	10.62714	6.43	0.663
93.43873	-23.86194	6.37	0.713
93.43892	51.17247	6.07	1.051
93.47597	-3.74137	5.83	0.910
93.61910	17.90635	5.86	0.253
93.65293	-4.56846	5.83	-0.155
93.71199	19.15645	5.20	0.430
93.71389	-6.27478	3.99	1.319
93.71941	22.50680	3.31	1.600
93.78501	-20.27219	5.88	1.322
93.78530	13.85110	5.91	-0.231
93.82385	-18.47716	5.99	1.058
93.84454	29.49808	4.32	1.021
93.85470	16.14318	5.34	-0.101
93.85895	-9.03576	6.09	-0.081
93.87364	-4.91472	5.99	0.097
93.89277	-0.51219	5.62	0.506
93.91740	6.06617	6.07	-0.124
93.91892	59.99898	5.37	1.339
93.93703	-13.71841	5.00	-0.078
93.93735	12.55107	5.44	0.015
93.97489	1.16908	6.37	0.443
94.03205	-16.61801	5.97	-0.167
94.07827	-59.21350	6.44	0.593
94.07936	23.97003	6.09	0.897
94.09913	17.18161	6.39	1.565
94.11092	12.27216	5.04	0.431
94.13807	-35.14052	4.37	0.978
94.14828	-39.26439	6.00	0.163
94.24461	23.74091	6.24	0.446
94.25513	-37.73745	5.54	1.129
94.26500	-22.71523	6.05	0.576
94.27758	9.94239	5.39	0.106
94.28987	-37.25350	5.88	0.139
94.31724	5.10011	5.70	0.610
94.42385	-16.81591	5.15	1.293
94.46561	-52.73303	6.40	1.456
94.47842	61.51529	5.01	1.843
94.52337	14.38286	6.12	0.035
94.55720	-19.96697	5.51	-0.163
94.57027	46.36044	6.33	1.113
94.66814	9.04718	6.24	0.870
94.70330	-15.02495	6.04	1.663
94.71076	-9.39002	5.36	1.239
94.71157	69.31979	4.76	0.025
94.74573	-20.92561	5.79	-0.155
94.75768	17.32526	6.27	-0.094
94.78305	-8.58601	6.22	-0.043
94.90578	59.01096	4.44	0.032
94.90904	-22.10312	6.29	1.473
94.92065	-34.39659	5.76	-0.080
94.92833	-7.82291	5.27	-0.177
94.99833	-2.94449	4.91	1.613
95.01760	14.65113	5.67	1.578
95.07830	-30.06337	3.02	-0.160
95.14649	-23.63796	6.49	1.132
95.15100	-34.14414	5.55	-0.182
95.27263	-11.81732	6.32	1.676
95.29966	29.54082	6.41	0.048
95.35298	-11.77324	5.48	0.002
95.35738	2.26852	6.30	0.251
95.35802	17.76350	6.32	1.100
95.44221	53.45218	5.34	0.448
95.51480	59.37210	6.05	0.153
95.52845	-33.43640	3.85	0.858
95.65163	12.57024	6.00	0.319
95.65948	-69.98404	5.56	1.510
95.67494	-17.95592	1.98	-0.240
95.73261	-56.36997	5.60	0.242
95.74011	22.51359	2.87	1.621
95.75606	-63.68314	6.30	1.612
95.77654	56.97635	6.47	1.075
95.81031	-31.79031	6.31	0.893
95.82705	3.76449	6.41	-0.149
95.89966	-9.87473	6.11	1.841
95.94202	4.59286	4.39	0.215
95.94226	-15.07126	6.27	1.534
95.94553	-58.54387	6.47	0.120
95.98298	-25.57763	5.61	1.561
95.98796	-52.69566	-0.62	0.164
96.00421	-36.70776	5.62	1.027
96.00951	8.88501	6.24	-0.060
96.04300	-11.53009	5.21	1.230
96.05768	-60.28133	5.78	-0.001
96.08574	-12.96194	6.12	-0.076
96.11082	-63.42893	6.45	0.660
96.18228	25.04871	6.35	1.210
96.18283	-28.78011	6.37	0.626
96.18540	-40.28398	6.30	-0.049
96.21987	16.05713	6.35	1.063
96.22459	49.28789	4.92	1.905
96.23249	-63.82814	6.26	-0.119
96.30417	7.08571	6.26	0.850
96.31894	-0.94588	5.88	0.564
96.36739	14.72199	6.30	2.349
96.36929	-69.69030	5.37	0.971
96.37502	-35.06415	6.24	1.353
96.38724	23.32717	6.05	0.020
96.43188	-48.17690	5.76	-0.061
96.44639	-3.88903	6.33	1.018
96.46802	11.12588	6.39	0.077
96.49512	-7.89498	6.40	0.145
96.53980	-3.51569	6.42	1.039
96.60765	56.28510	5.53	0.238
96.64352	-4.59740	6.16	-0.151
96.66494	-1.50734	5.87	0.070
96.67774	-14.60343	6.32	1.242
96.68688	-7.51194	6.35	-0.061
96.70364	58.41741	5.21	1.538
96.76719	-58.00212	5.82	1.279
96.78160	-37.89551	6.48	0.394
96.79736	-25.85650	6.05	0.545
96.80734	0.29925	5.19	1.186
96.81496	-0.27600	5.55	1.376
96.83521	2.90829	5.55	1.035
96.89801	32.56295	6.43	1.264
96.98613	20.49632	6.22	0.041
96.98987	-4.76215	5.06	-0.175
97.04253	-32.58007	4.47	-0.169
97.06035	70.53532	6.03	0.103
97.06986	1.91268	6.48	-0.064
97.07839	10.30389	6.16	1.150
97.11689	16.23839	6.24	0.894
97.14204	30.49303	5.75	0.779
97.15592	-17.46601	5.76	1.118
97.16351	-32.37128	5.74	-0.160
97.17678	-41.07488	6.32	0.390
97.20446	-7.03306	3.76	-0.113
97.24078	20.21213	4.13	-0.115
97.31171	2.64619	6.17	1.539
97.36875	-56.85277	5.20	1.087
97.45444	-50.23908	5.28	0.371
97.51239	46.68555	5.88	1.448
97.51255	-65.56824	6.28	0.329
97.54698	-10.08151	5.92	1.373
97.54924	-19.21489	6.44	1.683
97.64535	-13.14817	6.16	-0.137
97.69287	-27.76957	5.92	-0.156
97.69628	58.16263	5.86	0.934
97.74956	-40.91625	6.19	1.398
97.78985	11.25138	6.17	-0.116
97.79433	-61.87954	6.15	-0.147
97.80456	-35.25884	5.82	0.813
97.82632	-51.82595	5.58	0.534
97.84602	-12.39195	5.16	1.262
97.84998	-32.86855	6.31	1.665
97.89562	-36.94003	6.26	1.599
97.90597	15.90350	6.38	0.275
97.95125	11.54441	5.22	0.185
97.95859	-8.15824	5.43	1.373
97.96403	-23.41842	4.34	-0.245
97.99296	-58.75383	5.69	-0.057
98.07727	17.78435	6.26	0.541
98.08002	4.85600	5.88	0.997
98.08911	-37.69670	5.25	0.982
98.09637	-5.86882	5.60	0.256
98.09698	11.67352	6.08	1.069
98.11327	32.45490	5.82	0.188
98.16240	-32.03045	5.73	-0.180
98.19531	-11.16638	6.30	1.096
98.22595	7.33297	4.47	0.023
98.29266	-38.62519	6.44	0.999
98.35951	-52.32923	6.18	1.088
98.36113	-20.92396	6.39	0.817
98.40068	14.15516	5.57	1.105
98.40801	-1.22015	5.09	-0.132
98.45617	-36.23203	5.42	1.419
98.63666	55.35304	6.45	1.554
98.64721	-32.71625	5.62	-0.085
98.69299	7.57248	6.44	-0.010
98.74408	-52.97561	4.35	-0.021
98.76412	-22.96479	4.54	-0.035
98.80026	28.02231	5.26	-0.008
98.81595	0.89022	5.78	0.004
98.82332	9.98834	5.93	1.508
98.85091	-36.77988	5.59	-0.130
98.87841	-22.10905	6.32	1.030
98.97512	-36.08863	6.36	0.486
99.09521	-18.65990	5.71	0.848
99.13682	38.44550	5.40	2.773
99.14722	-5.21114	5.52	-0.082
99.17099	-19.25588	3.95	1.037
99.17110	-22.61473	6.35	-0.117
99.19416	-13.32104	5.95	1.562
99.21365	-41.55714	6.36	1.147
99.25787	-38.14651	6.03	1.030
99.30764	-36.99065	5.72	-0.112
99.35017	6.13538	6.05	0.018
99.36370	24.59085	6.44	0.101
99.40373	10.85329	6.39	1.351
99.40995	56.85753	5.87	0.006
99.41803	2.70416	6.17	1.080
99.41997	-12.98512	6.11	0.994
99.42244	61.48123	5.94	0.899
99.42792	16.39925	1.93	0.001
99.44030	-43.19593	3.17	-0.103
99.44841	-32.33973	5.25	1.177
99.46960	4.95667	6.14	0.091
99.47259	-18.23748	4.42	1.137
99.47871	73.69564	6.26	0.396
99.50151	-61.53339	6.15	0.624
99.58523	-2.54390	6.14	1.470
99.59545	-23.58032	6.48	0.664
99.59586	28.98435	5.76	-0.001
99.64761	-16.87355	6.01	0.042
99.65682	-48.22018	5.05	0.997
99.65911	1.61352	6.23	0.086
99.66474	39.39085	5.70	1.367
99.70492	39.90256	5.34	-0.075
99.77208	22.03088	6.09	1.027
99.81966	-14.14576	4.82	1.459
99.83261	42.48888	4.80	1.236
99.88118	24.60016	6.43	0.523
99.88800	28.26313	6.02	-0.087
99.90094	-23.69566	6.05	-0.031
99.92775	-30.47049	5.70	1.134
99.94882	12.98277	5.99	0.063
99.99119	44.01411	6.35	1.222
100.01204	-80.81359	5.61	0.214
100.12032	77.99578	5.75	1.488
100.13438	71.74879	5.88	1.223
100.24442	9.89575	4.66	-0.233
100.27267	0.49532	5.79	-0.094
100.30904	-40.34985	6.16	-0.146
100.32175	11.00320	6.19	1.675
100.33707	28.19664	6.45	1.090
100.34142	16.39765	6.28	-0.016
100.40732	35.93193	6.48	0.509
100.48495	-9.16754	5.21	1.525
100.49680	6.34542	6.36	-0.084
100.56825	-38.39879	6.28	0.346
100.60136	17.64530	5.20	0.063
100.69185	-22.44859	6.26	0.321
100.77071	44.52445	5.04	1.479
100.77756	3.03380	6.18	1.366
100.80726	37.14738	6.21	1.026
100.84730	-39.19312	6.30	0.258
100.90316	-73.11821	6.36	0.960
100.91102	3.93253	5.88	-0.046
100.98302	25.13112	3.06	1.377
100.99705	13.22802	4.49	1.167
101.04796	53.29594	6.28	1.089
101.05218	36.10926	6.37	0.065
101.05329	-54.69551	6.47	-0.119
101.11861	-31.07052	5.23	-0.127
101.18941	28.97093	5.42	1.445
101.21647	-27.34167	6.43	0.550
101.23186	-70.43376	6.10	1.335
101.28716	-16.71612	-1.44	0.009
101.32235	12.89559	3.35	0.443
101.34558	-31.79366	5.92	0.491
101.34735	-23.46243	6.04	1.205
101.37995	-30.94898	5.62	-0.138
101.47382	-52.40969	5.81	1.551
101.47583	12.69356	6.47	0.344
101.49748	-14.79613	5.30	0.075
101.55062	-37.77532	6.19	-0.123
101.55888	59.44167	4.86	0.084
101.55896	79.56481	5.44	0.525
101.63507	8.58715	5.92	-0.173
101.66257	-10.10736	5.66	-0.048
101.67356	-54.69503	6.45	0.858
101.68474	43.57743	5.24	0.575
101.70629	57.16918	5.34	0.964
101.71288	-14.42597	5.28	-0.024
101.71947	-51.26567	5.39	1.330
101.74405	-87.02496	6.46	0.429
101.75618	-21.01540	6.07	-0.159
101.82795	-55.53999	5.60	1.549
101.83263	8.03725	4.77	1.396
101.83916	-37.92970	5.27	-0.078
101.84774	18.19345	6.35	0.066
101.90509	-8.99850	5.08	1.795
101.91490	48.78948	5.22	1.131
101.96521	2.41216	4.48	1.099
102.04772	-61.94139	3.24	0.225
102.05122	55.70419	5.54	
102.07944	-1.31892	5.75	0.292
102.24057	-15.14473	5.39	-0.096
102.26524	1.00206	6.16	-0.134
102.31837	-2.27204	5.75	-0.098
102.42213	32.60676	5.72	1.298
102.43334	-24.07607	6.31	0.054
102.43451	37.51275	6.49	1.553
102.45765	16.20289	5.87	-0.136
102.46025	-32.50848	3.50	-0.116
102.46381	-53.62245	4.41	0.899
102.47757	-46.61456	5.14	0.460
102.48403	-50.61456	2.94	1.207
102.50423	-60.24915	6.11	0.457
102.59070	-17.08455	5.77	1.435
102.59729	-31.70606	5.74	0.094
102.60624	13.41318	5.68	1.329
102.65400	-25.77839	6.32	-0.183
102.67626	-8.04100	6.31	0.011
102.69144	41.78123	4.99	1.256
102.70763	-0.54088	5.78	0.396
102.71814	-34.36732	4.99	1.379
102.73787	67.57193	5.14	-0.152
102.86244	-70.96341	5.41	-0.110
102.88575	-48.29275	6.42	1.207
102.88769	21.76115	5.28	-0.020
102.91407	3.04199	6.37	0.052
102.92675	-36.23027	5.94	0.183
102.99994	23.60172	5.68	1.467
103.09525	-5.31628	6.30	0.977
103.18927	-59.34119	6.41	0.181
103.19641	-43.97559	6.47	-0.101
103.19724	33.96125	3.60	0.102
103.20612	8.38037	5.75	0.270
103.25125	-26.95763	6.33	1.408
103.25588	38.86916	6.10	0.406
103.26475	35.78800	6.03	1.455
103.27104	59.44854	5.34	0.675
103.28158	44.83994	6.24	0.239
103.30584	38.43801	6.32	0.516
103.32839	-19.03276	5.65	0.279
103.34100	-18.93284	6.13	0.156
103.34334	10.99665	6.30	0.962
103.38711	-20.22425	4.82	-0.212
103.39143	-28.53979	6.05	0.708
103.42604	68.88831	5.11	-0.114
103.48105	-24.53876	6.23	0.016
103.48781	38.50502	6.46	-0.044
103.50941	-50.61160	6.24	0.988
103.53314	-24.18421	3.89	1.740
103.53580	-5.85219	6.39	0.174
103.54749	-12.03863	4.08	1.418
103.60277	-1.12700	5.44	0.167
103.61118	-42.36557	6.32	2.287
103.66098	13.17783	4.73	0.321
103.67518	-1.75649	6.20	0.487
103.74549	-2.80359	6.03	1.102
103.76141	-20.40488	5.80	0.048
103.81107	43.91003	6.16	0.314
103.81328	45.82641	6.31	0.945
103.82778	25.37570	5.74	0.573
103.89423	8.32429	6.28	0.037
103.90596	-20.13650	4.66	0.374
103.94553	-22.94144	5.29	-0.163
103.97822	-31.79018	6.36	-0.155
104.02769	-14.04343	5.00	1.182
104.03427	-17.05424	4.36	-0.063
104.06663	-48.72114	4.94	1.668
104.10764	9.95658	5.90	-0.085
104.13357	46.27400	5.85	-0.079
104.14365	-79.42019	5.45	0.041
104.19042	-35.34133	6.27	1.278
104.23354	46.70535	5.88	1.093
104.25040	-8.17929	6.31	0.641
104.25216	33.68104	5.91	0.878
104.30474	57.56329	6.03	1.495
104.31919	58.42276	4.35	0.850
104.32327	-35.50715	6.23	0.465
104.32709	37.39472	6.48	1.673
104.35661	11.90755	6.26	0.349
104.39128	-24.63084	5.45	0.390
104.40461	45.09409	4.90	0.027
104.42763	-27.53751	6.22	-0.147
104.53147	-27.16438	6.36	-0.186
104.60456	-34.11171	5.07	-0.154
104.64958	-25.41416	5.59	-0.162
104.65154	-56.39485	6.46	0.389
104.65645	-28.97208	1.50	-0.211
104.66214	7.62230	6.25	0.105
104.66560	-55.72912	6.26	1.160
104.67387	-45.76759	6.23	-0.006
104.68207	-30.99804	6.41	-0.137
104.69754	26.08108	6.20	0.520
104.73760	3.60236	5.96	1.056
104.76186	38.05232	6.02	1.218
104.83406	7.31697	6.34	-0.106
104.86638	25.91417	6.40	-0.111
104.91356	-21.60288	6.26	-0.164
104.96057	-67.91644	5.18	1.396
105.01682	76.97741	4.55	1.365
105.03451	-20.15842	6.32	-0.134
105.06593	16.07900	5.73	1.641
105.07515	-5.36716	6.29	0.572
105.09899	-8.40682	5.95	-0.075
105.16391	-9.20297	6.49	0.142
105.17713	-28.48957	6.28	0.449
105.20728	-33.46553	6.39	1.052
105.21452	-51.40258	5.14	1.652
105.27131	-58.93994	6.01	0.297
105.27478	-25.21563	5.64	-0.165
105.33924	70.80830	5.69	1.337
105.42978	-27.93483	3.49	1.729
105.47049	-1.34588	6.20	1.286
105.48494	-5.72207	5.22	1.687
105.56450	-43.40387	6.44	-0.039
105.57289	15.33601	5.78	1.140
105.60325	24.21545	5.20	0.953
105.60639	17.75552	5.96	1.518
105.63870	16.67445	5.86	1.659
105.72824	-4.23923	4.99	-0.195
105.75614	-23.83329	3.02	-0.077
105.81291	-59.17811	5.50	-0.125
105.82465	9.13835	5.96	0.126
105.87691	29.33708	5.93	0.595
105.90863	10.95182	5.14	1.391
105.93955	-15.63329	4.11	-0.112
105.96500	12.59424	6.01	1.584
105.97337	-49.58392	4.92	0.140
105.98882	-43.60804	5.56	0.624
105.98940	-10.12377	6.44	-0.067
106.01164	-42.33728	5.20	0.198
106.02187	-5.32398	5.63	1.290
106.02722	20.57030	4.01	0.899
106.07638	-56.74972	5.14	-0.032
106.19605	-22.03169	6.09	1.225
106.28745	47.77504	6.37	-0.048
106.31821	-50.36004	6.47	1.424
106.32654	22.63746	6.00	-0.027
106.38341	-34.77770	6.15	0.353
106.41261	9.18580	5.78	1.513
106.41581	52.75856	6.17	0.102
106.46529	70.73192	6.49	1.568
106.50203	-30.65571	6.34	-0.131
106.50515	59.80185	6.40	1.190
106.50944	-38.38285	6.09	0.702
106.54830	34.47397	5.55	0.909
106.55963	-68.83758	6.47	1.039
106.64986	-12.39395	6.48	-0.124
106.66986	-11.29401	5.41	0.033
106.71865	-24.96057	6.09	1.341
106.77696	4.91058	6.10	-0.129
106.77949	-40.89327	5.80	-0.158
106.80537	-51.96828	5.96	0.996
106.81781	-59.71642	6.46	-0.113
106.84333	34.00929	5.94	1.507
106.84411	-23.84072	5.75	-0.117
106.85366	28.17669	6.47	-0.081
106.95620	7.47121	5.74	1.176
107.05530	33.83239	6.31	1.356
107.09183	15.93067	5.47	1.020
107.09785	-26.39320	1.83	0.671
107.15101	37.44510	6.19	1.212
107.17655	-70.49709	5.68	0.436
107.18694	-70.49893	3.78	1.006
107.21278	-39.65566	4.83	-0.179
107.33438	-10.34657	6.23	-0.018
107.38902	-16.23451	6.00	0.040
107.42927	-25.23103	5.69	-0.158
107.52783	21.24699	6.43	0.880
107.53902	-18.68564	6.23	0.419
107.55701	-4.23711	4.91	1.020
107.58050	-27.49152	5.46	0.998
107.69785	-48.93210	5.12	1.251
107.78488	30.24516	4.41	1.261
107.84611	26.85659	5.75	0.130
107.84840	-0.30193	5.44	0.310
107.91386	39.32055	4.91	1.451
107.92335	-20.88306	5.84	-0.038
107.96410	5.65470	6.07	-0.016
107.96608	-0.49276	4.15	-0.005
108.00824	-63.19006	6.03	-0.011
108.01704	-30.82136	6.10	0.273
108.03122	5.47435	6.15	1.142
108.05090	-25.94259	5.91	-0.170
108.06586	-40.49881	5.30	0.072
108.10760	-36.54438	5.94	-0.145
108.10991	24.12859	5.85	0.397
108.14011	-46.75930	4.49	0.324
108.20453	27.22482	6.46	0.502
108.27997	-11.25134	5.77	1.508
108.30563	-45.18274	4.87	-0.003
108.34282	16.15897	5.07	1.653
108.34750	51.42875	5.46	1.640
108.35010	-22.67424	5.99	1.481
108.38466	-44.63974	4.42	1.331
108.40187	-27.35636	6.12	-0.234
108.45161	-22.90578	6.34	-0.184
108.48891	-30.33979	6.32	-0.183
108.49181	71.81658	6.36	1.119
108.54521	-3.90178	5.80	1.585
108.56338	-26.35251	4.42	-0.170
108.56467	-9.94753	5.90	1.528
108.58359	3.11141	5.36	1.193
108.61772	-10.31624	6.02	-0.173
108.63592	12.11582	5.71	1.007
108.65892	-48.27193	4.75	-0.091
108.67492	24.88498	5.84	1.554
108.69174	-46.84967	5.72	-0.109
108.70273	-26.77267	4.01	-0.150
108.71317	-27.03800	5.58	1.220
108.73814	-41.42639	5.95	-0.146
108.83086	-0.16128	6.42	0.901
108.83780	-30.68645	5.36	-0.155
108.83845	-52.49923	5.96	1.099
108.91429	7.97774	5.78	1.537
108.93017	-10.58361	5.95	1.173
108.94707	-23.74028	6.34	-0.018
108.95891	47.23996	5.54	0.576
108.97876	59.63747	5.20	1.081
108.98819	27.89742	5.75	1.605
109.06064	-15.58569	5.46	0.079
109.06447	-46.77453	5.64	1.441
109.13271	-38.31893	5.81	-0.133
109.14580	-27.88118	4.66	1.589
109.15347	-23.31559	4.83	1.601
109.15982	-23.31094	6.02	0.317
109.20587	-36.59263	5.03	-0.161
109.20760	-67.95715	3.97	0.760
109.23840	-30.89701	6.30	0.200
109.26417	26.68948	6.38	0.883
109.28565	-37.09747	2.71	1.616
109.38193	-6.68000	6.29	1.624
109.39050	52.13107	5.93	1.259
109.42769	38.87626	6.48	0.995
109.45005	-26.79756	6.45	-0.153
109.50922	40.88339	5.87	0.181
109.51705	30.95587	6.19	-0.024
109.51770	-43.98679	5.86	-0.117
109.52324	16.54038	3.58	0.106
109.57664	-36.73396	4.65	-0.099
109.63324	49.46476	5.00	0.087
109.63963	-39.21029	5.24	0.026
109.65911	-36.74274	5.11	-0.170
109.66825	-24.55870	4.88	-0.160
109.67703	-24.95438	4.37	-0.132
109.71364	-26.58585	5.29	0.956
109.75800	-19.28030	6.06	0.612
109.80702	-33.72717	6.31	1.302
109.84321	2.74069	5.90	1.069
109.86742	-16.39524	5.70	0.346
109.94852	7.14295	5.91	0.537
110.02850	15.14293	6.45	0.009
110.03074	21.98232	3.50	0.374
110.08927	-52.31152	5.50	0.483
110.16170	-52.08592	5.38	-0.069
110.22882	-26.96384	6.00	-0.172
110.24286	-14.36049	5.59	0.971
110.26291	42.65591	6.33	1.404
110.26805	-25.89164	5.87	1.604
110.32291	45.22820	5.74	0.342
110.48692	20.44366	5.09	1.528
110.50856	-8.97938	6.42	-0.189
110.51090	36.76058	5.12	1.082
110.51449	0.17712	5.99	-0.069
110.55587	38.99594	6.40	1.217
110.55637	-19.01660	4.94	-0.039
110.57160	59.90200	6.36	0.282
110.57746	-2.97918	6.23	0.686
110.60579	-5.98283	5.83	0.352
110.61800	0.70083	6.43	0.995
110.71688	55.28139	5.80	-0.078
110.75290	-31.92378	5.40	-0.161
110.86724	22.94535	6.17	0.006
110.86880	25.05053	5.04	0.902
110.87080	-27.83429	5.37	1.539
110.88290	-32.20207	5.41	-0.169
110.99306	-35.83782	6.32	-0.136
111.02376	-29.30310	2.45	-0.083
111.03528	40.67239	5.23	1.249
111.07181	-22.91276	6.20	-0.088
111.11520	15.51720	6.47	-0.190
111.13939	27.63786	5.77	0.368
111.15470	-71.47066	6.49	0.120
111.16745	-16.20147	5.18	-0.035
111.18272	-31.80890	5.35	1.071
111.19731	-37.29119	6.14	0.261
111.21201	-19.01228	6.24	0.291
111.23787	51.88726	5.80	1.610
111.24241	11.66952	5.37	0.105
111.28465	-13.75198	5.79	0.432
111.33323	-21.98259	6.04	0.227
111.34151	81.25746	6.30	-0.031
111.35528	-25.21777	5.79	-0.103
111.40873	-79.09419	5.54	1.281
111.41207	9.27610	4.99	0.991
111.42908	-31.73872	6.32	-0.176
111.43165	27.79808	3.78	1.024
111.46333	-5.77496	5.98	0.901
111.59104	-51.01848	5.09	1.038
111.61578	10.60807	6.38	0.078
111.67172	11.00883	6.39	-0.126
111.67694	-34.14069	5.90	-0.153
111.67855	49.21153	4.61	-0.001
111.73471	20.25756	5.94	0.336
111.74785	-23.08602	5.65	-0.134
111.78329	-17.86486	5.60	0.314
111.78768	8.28932	2.89	-0.097
111.85766	66.33157	6.47	-0.064
111.92891	-22.85920	5.98	-0.088
111.93485	21.44525	5.20	0.455
111.96526	-11.55687	5.79	0.583
111.99650	-29.15590	5.55	-0.048
112.00804	-26.83897	6.26	1.513
112.00864	6.94197	5.22	0.221
112.04081	8.92553	4.33	1.425
112.16626	27.55294	6.36	1.223
112.19689	15.10982	6.23	-0.040
112.21313	-31.84840	5.95	-0.156
112.21420	-64.50980	6.38	1.554
112.21451	48.18393	5.70	-0.092
112.21928	46.31462	6.42	1.202
112.27048	-31.45622	5.78	-0.185
112.27373	-38.81206	5.41	-0.148
112.27800	31.78455	4.16	0.320
112.30763	-43.30143	3.25	1.509
112.32779	-1.90533	5.60	1.493
112.33517	28.11828	5.07	0.120
112.34110	-14.99866	6.05	0.479
112.34211	-10.32666	5.75	1.616
112.35683	-7.55117	5.86	0.487
112.44910	12.00656	4.55	1.276
112.45319	27.91615	5.01	1.117
112.46422	-23.02429	4.85	0.243
112.48315	49.67246	5.35	0.470
112.49885	-52.65116	5.87	1.010
112.62883	-54.39936	5.95	1.585
112.67751	-30.96228	4.65	0.904
112.71306	-5.22649	6.24	1.185
112.71957	68.46562	5.63	1.100
112.76860	82.41147	4.92	1.633
112.78660	11.20298	6.38	1.278
112.95165	17.08605	5.45	1.126
113.02401	-8.88133	5.90	0.540
113.02479	1.91448	5.24	0.230
113.09280	-35.96119	6.35	-0.096
113.29074	-24.71073	5.84	0.156
113.29861	3.29038	5.59	0.321
113.30483	-40.05852	6.27	-0.129
113.33152	-19.41252	5.64	1.121
113.34244	-14.33831	6.21	-0.061
113.35345	37.18790	6.40	1.231
113.40201	15.82666	5.27	0.055
113.44985	-14.52389	4.82	1.362
113.46268	-36.33839	5.42	-0.078
113.46465	51.31415	6.44	1.348
113.51325	-22.29607	4.44	0.521
113.52068	10.56808	6.28	0.022
113.55344	-33.46343	6.11	0.297
113.56622	3.37173	5.83	-0.018
113.57757	-23.47366	5.06	0.468
113.64498	-27.01227	5.78	1.045
113.64943	31.88828	1.58	0.034
113.66492	-51.47452	6.29	0.073
113.78667	30.96092	5.34	1.010
113.84022	-74.27496	6.33	0.016
113.84539	-28.36932	4.65	-0.111
113.91551	-52.53384	4.93	1.373
113.98061	26.89574	4.06	1.540
113.98324	43.03096	6.37	0.364
114.00668	-55.88771	6.39	1.182
114.01622	-14.49277	5.66	-0.067
114.03088	-22.16050	6.40	0.968
114.06957	-8.31130	6.27	1.541
114.13181	46.18029	5.66	1.560
114.14461	5.86217	5.89	0.602
114.17097	-19.70234	5.69	-0.165
114.18300	-48.83017	5.69	-0.037
114.19598	55.75506	5.93	1.123
114.31955	-4.11098	5.14	0.442
114.32054	-23.77540	6.34	0.540
114.32414	40.02538	6.34	1.600
114.34213	-34.96853	4.53	-0.081
114.43759	-38.01043	6.38	1.472
114.47437	48.77384	5.93	0.221
114.55987	24.36044	6.37	0.337
114.57519	-25.36480	4.69	-0.100
114.57587	-48.60144	5.68	0.683
114.63558	-38.78149	6.20	1.015
114.63693	35.04855	5.58	0.921
114.68291	-36.49683	5.78	-0.148
114.70779	-26.80384	3.80	-0.159
114.75133	-53.27336	6.06	-0.118
114.79138	34.58435	4.89	0.413
114.80003	24.22253	6.18	0.028
114.82549	5.22499	0.40	0.432
114.85082	-16.84729	6.40	1.470
114.86391	-38.30802	4.84	-0.189
114.86914	17.67452	5.04	1.616
114.93255	-38.13929	5.73	-0.125
114.94948	-38.26065	5.76	-0.071
114.97536	32.00973	6.16	0.374
114.99163	-37.57942	5.99	-0.040
115.05637	-19.66086	5.92	1.158
115.06122	38.34454	5.77	1.654
115.08756	-11.75255	6.43	1.245
115.09671	-15.26392	4.98	1.543
115.12705	87.02009	5.05	1.604
115.14802	-8.18543	6.01	0.153
115.19660	13.77125	6.23	1.393
115.20638	57.08286	6.09	1.440
115.24383	23.01853	5.93	1.561
115.30166	48.13153	5.58	1.011
115.31180	-9.55113	3.94	1.022
115.31589	-38.53353	5.41	-0.130
115.34052	-44.63217	6.41	-0.003
115.34803	-22.33672	6.16	1.644
115.39648	3.62478	5.95	-0.032
115.45525	-72.60610	3.93	1.033
115.46603	13.48045	5.79	1.669
115.51341	14.20850	5.55	1.642
115.54257	-58.63092	6.40	-0.094
115.68145	34.00022	6.05	0.469
115.70064	-26.35133	5.64	0.990
115.72221	-58.23006	6.20	1.049
115.73790	-45.17312	5.04	0.765
115.75173	58.71036	4.93	0.104
115.77258	0.18933	6.17	1.047
115.79993	-36.05009	5.60	-0.130
115.82803	28.88351	4.23	1.118
115.84242	22.39947	6.25	0.930
115.88494	-28.41088	4.63	1.632
115.92470	-40.93375	5.12	1.104
115.92881	-38.20188	6.42	-0.119
115.95195	-28.95483	3.94	0.160
116.01741	50.43379	5.31	-0.001
116.02881	25.78416	5.30	1.535
116.03181	2.40542	6.46	0.211
116.04036	-36.06250	5.80	0.320
116.05424	-69.82159	6.16	-0.032
116.05857	12.86007	6.40	1.392
116.11189	24.39799	3.57	0.932
116.14237	-24.67408	5.62	-0.191
116.14243	-37.94292	5.89	-0.115
116.18273	-66.07193	6.37	0.949
116.31373	-37.96858	3.62	1.706
116.32518	-43.75257	6.02	-0.069
116.32896	28.02620	1.16	0.991
116.37139	-14.69054	6.06	0.110
116.39593	-34.17236	5.36	0.589
116.39799	-56.72257	6.10	0.397
116.48696	-14.56380	5.03	0.342
116.50913	-6.77251	5.49	1.378
116.53103	18.51004	4.89	1.425
116.54393	-37.93367	5.87	-0.111
116.56750	10.76825	5.25	0.018
116.63922	-37.77257	6.31	1.348
116.66367	37.51739	5.15	1.588
116.66699	65.45568	5.93	1.183
116.68631	-12.67531	6.39	-0.004
116.77399	-39.33100	6.33	-0.142
116.80231	-22.51951	5.90	-0.180
116.81081	-36.07360	6.46	1.083
116.85413	-38.51114	5.07	-0.112
116.87635	33.41570	5.14	1.635
116.88128	-46.60849	5.22	-0.151
116.91053	-15.99069	6.31	1.791
116.93837	-16.01448	6.38	1.697
116.98633	-12.19270	5.48	0.478
117.02153	-25.93717	4.40	-0.070
117.03561	-40.65238	6.14	1.591
117.08125	-56.47108	6.30	1.010
117.08400	-47.07772	4.69	1.039
117.14016	23.14098	6.18	0.571
117.25698	-24.91221	5.32	0.751
117.25765	13.37187	6.07	1.367
117.27798	-56.41036	5.57	1.116
117.30360	-46.85772	5.82	-0.142
117.30376	-60.28369	5.78	0.428
117.30956	-46.37321	4.10	-0.160
117.31104	-35.24329	5.94	-0.051
117.32356	-24.85979	3.34	1.218
117.36784	-44.75116	6.32	0.962
117.37003	-13.35295	6.23	-0.078
117.38464	12.81425	6.42	0.984
117.39751	-33.28895	5.61	1.617
117.41656	-14.08536	6.34	1.660
117.41984	-19.50552	6.49	1.234
117.42081	-66.19597	5.78	-0.040
117.42167	-17.22841	5.17	1.282
117.52362	-19.52355	6.11	1.265
117.54407	-9.18344	5.60	1.446
117.59926	-50.50947	5.89	1.088
117.67712	-44.57995	6.45	0.899
117.69748	3.27725	6.17	1.106
117.71291	4.45951	6.49	0.944
117.72262	0.07956	6.38	1.237
117.73016	-11.12860	6.16	1.128
117.75033	-24.52856	6.43	-0.003
117.75982	33.23365	6.06	0.150
117.77379	54.12924	6.03	0.496
117.81393	37.08209	6.49	1.510
117.83474	-43.09523	6.34	-0.173
117.91816	-42.88820	6.05	-0.181
117.92037	-12.81941	6.37	0.384
117.92495	1.76687	5.12	-0.116
117.92927	-21.17366	5.62	0.956
117.94293	-13.89803	5.16	0.600
117.98655	19.32508	6.03	1.125
118.02996	3.27734	6.30	1.464
118.05431	-40.57579	3.71	1.012
118.06526	-34.70544	5.01	0.470
118.07866	-14.84618	5.69	0.368
118.12392	-54.36716	5.70	-0.151
118.15179	55.20944	6.36	-0.003
118.16103	-38.86281	4.49	-0.188
118.19941	-5.42826	5.76	0.412
118.26461	-36.36377	5.44	1.161
118.26514	-49.61304	4.63	-0.228
118.32566	-48.10293	4.22	-0.130
118.37423	26.76578	4.97	0.098
118.54587	-35.87729	5.48	-0.175
118.62193	47.38598	6.25	1.133
118.66632	-34.84671	6.14	1.540
118.67790	47.56460	5.47	1.462
118.72216	-57.30281	5.62	1.298
118.75177	-52.58333	6.36	-0.007
118.80770	-30.91764	6.45	1.474
118.88097	8.86284	5.86	0.369
118.91623	19.88397	5.38	-0.035
118.92012	35.41268	6.23	0.277
118.94411	-43.84505	6.02	-0.111
119.07770	-60.52644	5.74	1.554
119.09468	-30.28457	6.28	1.476
119.09961	4.48557	6.16	0.957
119.19464	-52.98236	3.46	-0.177
119.21475	-22.88012	4.20	0.718
119.24084	-43.50041	5.36	-0.166
119.24096	-42.40648	6.09	1.361
119.24772	15.79028	5.80	1.285
119.30317	-63.29683	6.14	-0.103
119.31616	8.64122	6.03	1.000
119.31789	1.12703	6.35	0.507
119.32676	-44.10986	5.08	-0.166
119.33362	-47.89071	6.21	-0.099
119.41711	-30.33457	4.76	0.151
119.44548	-60.30307	5.59	0.573
119.46550	-45.57767	5.14	1.263
119.47837	-40.78435	6.46	0.979
119.52457	7.21353	6.42	-0.031
119.56016	-49.24491	4.47	-0.180
119.56902	43.97737	6.36	1.043
119.58605	2.22477	5.30	0.933
119.58930	-51.44847	6.44	0.260
119.63113	16.51868	6.05	1.468
119.71063	-60.82446	5.77	-0.082
119.75751	-45.21584	5.98	-0.143
119.77381	-23.31040	5.09	1.111
119.80127	-49.97685	6.35	-0.151
119.80648	-49.97377	6.37	-0.089
119.81568	-73.24417	6.33	0.128
119.86819	-39.29694	5.22	0.400
119.89606	13.24217	6.05	1.325
119.90643	-60.58706	5.19	1.758
119.91703	-60.20735	6.30	-0.050
119.93397	-3.67958	4.93	1.205
119.96688	-18.39923	4.61	0.087
120.04891	73.91792	5.37	1.424
120.06120	-48.98151	6.01	0.042
120.08319	-63.56746	4.81	-0.173
120.12067	-48.87177	6.13	-0.085
120.18389	-2.88192	6.41	-0.087
120.19711	17.30870	5.60	1.317
120.20043	19.81622	6.30	1.109
120.20807	-54.15128	5.87	-0.134
120.23281	25.39284	5.87	1.021
120.25325	23.58309	6.34	1.160
120.26418	-6.41919	6.45	0.838
120.30556	-1.39261	4.69	1.475
120.30788	4.87982	5.65	0.013
120.33657	59.04740	5.78	0.421
120.34601	-54.51553	6.12	-0.044
120.37620	16.45531	5.99	-0.024
120.38153	-55.45466	6.28	-0.146
120.40636	-37.28372	5.90	0.147
120.42689	60.32435	6.02	0.158
120.43233	25.08947	6.32	0.023
120.46137	8.91399	6.22	0.570
120.47992	35.41307	6.34	1.564
120.52556	-37.05004	6.31	1.599
120.56640	2.33457	4.39	1.252
120.60821	-6.33714	6.34	0.615
120.62836	63.09031	6.09	0.580
120.64909	57.27363	6.48	0.649
120.68660	-41.30983	5.52	-0.152
120.76734	-32.46355	5.83	1.225
120.87336	-42.94833	6.28	1.008
120.87950	27.79433	4.94	1.130
120.89603	-40.00315	2.21	-0.269
121.06746	-32.67483	5.25	1.882
121.13599	-25.69974	6.35	1.461
121.17257	-19.72815	6.12	-0.154
121.17667	-50.59040	5.96	1.213
121.17888	-62.83635	6.25	-0.093
121.18876	18.84202	6.21	-0.042
121.19612	79.47961	5.39	-0.040
121.26545	-53.10792	5.52	1.347
121.26870	13.11822	5.14	0.018
121.33460	-46.97841	6.18	-0.138
121.40441	27.52974	6.21	0.010
121.43702	-33.56944	6.15	1.098
121.45681	-0.57332	6.40	1.058
121.57665	22.63549	5.96	1.652
121.61422	-9.24446	6.25	-0.006
121.66808	-45.26602	5.04	1.488
121.67336	-48.49739	6.34	-0.172
121.79143	43.26036	6.35	-0.020
121.82517	-20.55434	5.33	0.100
121.88604	-24.30432	2.83	0.458
121.94107	21.58182	5.30	0.642
121.98247	-68.61706	4.35	-0.113
122.10267	-63.80082	6.32	-0.058
122.11436	51.50667	4.78	0.048
122.14853	-2.98379	4.36	0.970
122.15684	-37.68122	6.36	-0.054
122.17686	13.64092	6.25	0.480
122.18158	-20.36317	6.37	0.141
122.23686	-11.33965	6.31	0.011
122.25279	-61.30243	4.74	0.437
122.25682	-19.24501	4.40	-0.160
122.28961	-48.68441	5.66	-0.101
122.29245	-35.45501	6.21	0.892
122.34605	42.43061	6.26	1.263
122.36889	-16.24892	5.66	-0.153
122.38313	-47.33659	1.75	-0.145
122.39014	-56.08538	5.66	0.204
122.39659	29.09308	6.47	0.804
122.39964	-44.12277	5.20	-0.173
122.42981	-47.93719	5.23	-0.199
122.44872	-42.64080	6.27	-0.036
122.51574	58.24824	5.91	1.365
122.55461	25.84448	6.44	1.420
122.58568	-49.23735	6.46	-0.140
122.61326	25.50733	5.73	0.825
122.66594	-13.79921	5.53	0.488
122.74535	14.62947	6.22	0.010
122.75701	-37.29237	6.42	-0.045
122.79496	-48.46199	5.83	-0.146
122.81794	-12.92700	4.72	0.939
122.81916	9.82123	6.08	-0.104
122.82533	54.54024	6.48	0.940
122.83956	-39.61855	4.44	1.590
122.85789	-42.98728	4.73	0.164
122.88752	-7.77254	5.36	0.892
122.99987	-46.64435	5.77	0.626
123.02524	-43.40044	6.48	1.704
123.05303	17.64777	4.67	0.531
123.12830	-46.26429	6.00	-0.113
123.20328	68.47407	5.34	1.037
123.21481	-37.92447	6.40	0.108
123.24888	16.51432	6.03	0.890
123.28695	29.65654	5.62	-0.073
123.33320	-15.78822	4.99	1.066
123.34073	-1.16589	6.48	0.918
123.37299	-35.89952	4.78	-0.110
123.39269	-50.19607	5.52	1.651
123.40064	-46.99163	5.14	-0.139
123.42114	-33.56953	6.38	1.141
123.44021	-46.57868	6.49	-0.159
123.45907	56.45225	5.88	1.016
123.49297	-36.32228	5.09	-0.184
123.49458	-36.34078	6.11	-0.185
123.51217	-40.34789	4.42	1.170
123.54598	-32.14071	6.07	-0.159
123.54642	17.67596	6.47	0.331
123.55523	-35.49002	5.77	1.024
123.58748	13.04830	6.39	1.034
123.59946	-45.83452	5.86	-0.176
123.71350	-46.48589	6.45	-0.149
123.81633	-62.91564	5.16	0.086
123.84690	-50.44922	6.44	1.520
123.96042	60.38060	6.43	0.210
123.96891	-30.92594	6.22	0.777
123.99509	-35.90319	6.15	1.549
124.12884	9.18554	3.53	1.481
124.22461	84.05764	6.45	0.052
124.34638	-16.28511	6.32	0.057
124.38188	8.86631	6.28	0.980
124.44229	-36.06759	6.42	1.446
124.46006	59.57113	5.63	0.182
124.48223	-59.16683	6.47	0.397
124.49284	-30.00370	6.43	1.040
124.56009	15.67792	6.42	1.018
124.56578	54.14370	6.26	1.558
124.57248	-35.45170	5.59	1.246
124.57836	-65.61319	5.06	1.129
124.59978	-12.63217	5.95	0.754
124.63146	-76.91972	4.05	0.413
124.63880	-36.65929	4.44	0.222
124.77327	-48.19785	6.45	-0.131
124.81284	-10.16575	6.31	0.329
124.82149	62.50716	5.73	0.891
124.87297	-34.59014	6.44	-0.079
124.88454	75.75691	5.55	0.902
124.95402	-71.51491	5.33	-0.063
124.95777	3.94803	6.04	0.964
125.00219	-71.50538	5.63	-0.099
125.01608	27.21771	5.13	0.487
125.05416	-0.90931	6.18	0.607
125.07092	-5.32993	6.12	1.329
125.08739	20.74772	5.80	1.137
125.10858	57.74328	5.89	0.421
125.11395	-22.92468	6.12	1.039
125.13390	24.02231	5.92	-0.039
125.16059	-77.48448	4.34	1.161
125.16800	72.40723	6.00	1.537
125.28183	-64.10600	6.11	0.930
125.30041	-57.97322	5.96	-0.092
125.33768	-36.48418	5.18	-0.187
125.33843	-20.07906	5.58	0.771
125.34594	-33.05437	4.83	1.419
125.35077	-39.62071	6.15	0.172
125.47752	-17.58633	5.71	1.050
125.51858	-73.39999	5.28	0.014
125.54004	74.82036	6.40	1.022
125.62568	-6.17916	6.14	0.227
125.62848	-59.50948	1.86	1.196
125.63205	-48.49038	4.79	-0.146
125.68362	60.63124	6.42	0.969
125.69520	-13.05479	6.13	0.997
125.70807	-26.34822	5.88	0.379
125.70879	43.18813	4.25	1.550
125.72540	-7.54312	5.92	1.635
125.72983	-52.12373	5.89	0.018
125.82056	-38.28608	6.28	1.613
125.84099	18.33220	5.94	0.175
125.95209	53.21971	5.52	0.125
125.98004	10.63206	6.11	1.507
126.08259	-80.91420	5.67	1.018
126.13759	82.43076	6.28	0.035
126.14589	-3.75124	5.61	0.478
126.15182	-4.71700	6.03	0.460
126.17822	42.00524	6.02	1.591
126.22992	-23.15374	5.67	0.066
126.23836	-42.76983	5.97	-0.159
126.26558	-24.04621	5.32	1.476
126.27036	35.01141	6.08	1.261
126.32917	-21.04596	6.01	0.402
126.38052	-51.72742	5.18	-0.164
126.39807	2.10221	5.74	1.528
126.41401	-17.43940	6.44	1.234
126.41513	-3.90642	3.91	-0.012
126.43414	-66.13689	3.77	1.132
126.45782	17.04627	6.11	0.448
126.46499	-64.60062	5.95	0.971
126.46629	-42.15307	5.45	-0.142
126.47820	7.56451	5.13	0.934
126.48162	-14.92966	5.96	0.167
126.57388	-39.05896	6.07	-0.009
126.60502	-52.80750	6.05	0.062
126.61337	-3.98748	5.60	0.218
126.61544	27.89358	5.58	1.421
126.67480	-12.53460	5.52	1.167
126.68308	12.65461	5.56	1.608
126.69612	26.93549	6.30	0.187
126.74060	-52.70495	6.49	0.419
126.81841	-31.67273	6.33	0.897
126.81982	-70.09348	5.51	-0.024
126.90244	-53.08848	5.08	0.256
126.90327	45.65299	6.32	0.624
126.99759	-35.11376	5.75	-0.151
127.08245	-8.81628	6.43	1.197
127.12147	-2.51713	6.42	0.332
127.15325	24.14493	6.05	0.246
127.15558	14.21082	5.94	0.201
127.21251	-9.74858	6.01	0.427
127.26980	-47.92892	5.33	-0.140
127.28153	-44.16041	5.82	-0.160
127.36451	-44.72481	5.03	-0.168
127.37416	-54.21176	6.44	-0.108
127.40161	-55.19094	6.36	0.799
127.44014	-46.33169	5.98	-0.127
127.44248	67.29744	5.89	0.972
127.56612	60.71817	3.35	0.856
127.61921	-32.15929	5.61	1.509
127.66346	-44.73732	6.30	-0.007
127.79428	-47.86662	6.39	-0.147
127.83319	37.26494	6.18	-0.039
127.85289	-39.06411	6.31	-0.133
127.87328	-54.39401	6.34	1.298
127.87716	24.08111	5.71	0.327
127.87885	-19.57746	5.42	-0.061
127.89888	18.09442	5.33	1.567
128.02065	-53.21192	5.68	0.582
128.13900	-15.03014	6.38	0.275
128.13937	53.11485	6.23	1.008
128.16613	10.06601	6.48	-0.007
128.16876	-47.04211	6.49	1.293
128.17402	-73.35679	6.11	0.946
128.17707	20.44116	5.33	1.252
128.21457	-31.50085	6.38	0.780
128.22212	69.31990	6.31	1.360
128.22908	38.01637	5.88	1.106
128.24375	-34.63404	6.36	0.951
128.25043	24.08479	6.35	1.032
128.25775	-45.75291	6.36	-0.119
128.27020	-24.60696	6.19	0.270
128.33275	-38.37068	6.48	-0.153
128.34054	36.43643	6.20	0.402
128.37614	-46.97066	6.25	1.560
128.41013	-38.84881	5.92	-0.114
128.43116	4.75700	5.89	1.066
128.43769	13.25731	6.26	1.179
128.50674	-2.15155	5.80	0.007
128.55563	8.45234	6.04	0.332
128.62189	-37.61117	6.28	1.562
128.62376	-27.09816	6.40	1.429
128.63310	-32.59874	6.41	0.752
128.65051	65.14517	5.47	0.207
128.68166	-49.94420	5.01	1.304
128.68285	36.41962	5.76	0.051
128.80224	-39.97045	6.44	0.578
128.81482	-58.22473	5.27	-0.133
128.83211	-58.00923	4.84	0.981
128.85398	2.74345	6.35	1.023
128.86749	-7.98229	5.72	-0.004
128.86959	-26.84349	5.95	0.393
128.96239	6.62022	5.91	0.530
128.96678	-50.96965	5.79	-0.132
129.03214	15.31363	6.33	0.338
129.20309	74.72368	6.31	0.308
129.27404	9.65558	5.92	0.083
129.32847	-62.85347	5.45	1.013
129.36322	-4.93400	6.18	1.054
129.41097	-42.98908	4.11	0.109
129.41403	5.70378	4.14	0.003
129.46730	-26.25500	5.24	-0.030
129.57909	32.80202	5.96	1.111
129.59244	53.40154	5.66	0.964
129.66789	-19.73690	6.32	1.592
129.68669	-53.09038	6.45	-0.100
129.68932	3.34144	4.45	1.216
129.74954	52.92508	6.34	1.319
129.77151	-70.38674	5.19	0.013
129.78292	-22.66188	5.05	0.720
129.79197	59.93913	6.47	0.035
129.79877	65.02091	5.63	0.618
129.80498	-60.31729	6.35	-0.002
129.82343	52.71162	5.91	1.167
129.84205	-36.60669	6.12	0.426
129.84935	-53.43977	5.45	-0.132
129.85232	8.01760	6.46	1.080
129.92697	-29.56108	4.86	0.900
129.92754	73.62968	6.16	1.017
129.98999	-53.05473	5.18	-0.147
130.00613	-12.47537	4.98	1.415
130.02560	-35.30835	3.97	0.936
130.02674	20.00779	6.39	0.980
130.05341	64.32794	4.59	1.179
130.07277	-53.01540	5.56	-0.125
130.07327	-52.92189	3.60	-0.168
130.07620	31.94190	6.21	0.401
130.07989	-40.26387	5.20	-0.027
130.09203	19.66994	6.42	1.020
130.11255	19.54481	6.29	0.170
130.14691	-45.19110	5.67	1.664
130.15428	-59.76100	4.31	-0.117
130.15654	-46.64874	3.77	0.670
130.18136	-57.54549	6.34	0.208
130.25446	45.83401	5.35	0.993
130.27217	-48.92268	5.90	-0.186
130.30471	-47.31712	4.74	0.137
130.33130	-78.96336	5.46	-0.101
130.43057	-15.94338	4.87	1.063
130.48712	-45.41071	5.20	0.171
130.54089	-11.96601	6.46	0.160
130.56747	-48.09909	5.48	-0.172
130.57914	-53.10006	5.49	-0.127
130.58676	-55.77456	6.26	1.178
130.60578	-53.11398	4.83	-0.173
130.73750	-35.94330	6.42	0.019
130.75064	46.90085	6.21	0.981
130.80089	-79.07008	6.05	0.229
130.80137	12.68088	5.62	0.435
130.80615	3.39866	4.30	-0.192
130.82144	21.46850	4.66	0.010
130.89807	-33.18639	3.68	-0.180
130.91780	-49.82280	5.15	-0.197
130.91822	-7.23373	4.63	0.840
130.97637	-68.21158	6.33	1.501
130.99907	4.33456	6.37	-0.040
131.09978	-42.64928	4.05	0.874
131.12482	-65.82543	6.03	0.217
131.17125	18.15431	3.94	1.083
131.17594	-54.70882	1.93	0.043
131.18765	10.08167	5.63	-0.069
131.21636	-37.14725	5.74	-0.139
131.22978	-21.16783	6.10	0.195
131.25534	5.68059	6.13	0.200
131.27310	-58.72432	6.20	-0.083
131.33653	-2.60106	6.41	0.521
131.33926	30.69775	6.12	0.935
131.39527	4.66438	6.45	1.228
131.45534	-25.38809	6.07	0.084
131.47980	-79.50437	5.79	1.595
131.50685	-46.04153	3.87	0.015
131.51031	-2.04865	5.70	1.097
131.52864	-11.00677	6.22	1.608
131.59391	-13.54772	4.32	0.900
131.59899	-41.12539	6.21	-0.050
131.62728	-45.91250	5.43	0.238
131.67425	28.75990	4.03	1.007
131.67729	-56.76978	4.50	-0.169
131.69379	6.41881	3.38	0.685
131.70517	-34.62294	6.33	-0.127
131.73341	12.10995	5.89	0.120
131.81244	-1.89703	5.28	0.058
131.82852	-46.15542	5.71	0.554
131.83946	-17.05288	6.48	0.679
131.91829	-41.73679	6.35	0.578
132.00091	-52.85015	6.29	-0.097
132.02032	-6.55884	6.09	1.282
132.03657	-42.46345	6.43	-0.178
132.06094	-28.63880	6.42	1.364
132.10821	5.83781	4.35	-0.044
132.15605	-1.04484	6.42	1.142
132.20521	66.70808	6.20	-0.106
132.34053	-3.44302	5.30	-0.080
132.41316	-40.32016	5.47	0.066
132.43726	-21.04844	6.48	0.256
132.44849	-45.30787	4.94	0.043
132.45886	-72.55124	6.10	0.185
132.46458	-32.78053	5.19	0.876
132.46813	-39.14160	6.38	0.249
132.50930	-29.46300	5.86	0.948
132.58757	-42.08979	6.00	-0.114
132.59015	-28.61762	6.17	-0.055
132.63301	-27.70984	4.02	1.272
132.63426	33.28505	6.22	0.549
132.63942	-46.52919	5.09	-0.205
132.64507	-66.79298	5.34	0.423
132.68801	18.83218	6.41	0.009
132.75609	15.35065	6.36	0.669
132.89338	-7.17723	5.55	0.150
132.90215	-57.63358	5.59	-0.102
132.95848	-44.15093	6.38	-0.150
132.98164	-40.98658	6.49	-0.106
132.98680	43.72660	5.15	0.971
133.04177	42.00273	5.98	1.251
133.04904	45.31282	5.96	1.233
133.10076	5.34031	6.34	0.122
133.10890	-32.50932	6.49	1.451
133.11912	28.25916	6.25	1.552
133.12818	-13.23294	6.12	1.142
133.14426	32.47416	5.67	0.224
133.14921	28.33082	5.96	0.869
133.16086	-48.35910	5.92	-0.148
133.16123	-36.54534	6.41	0.549
133.17005	-52.12891	6.39	0.003
133.20008	-38.72409	5.79	1.508
133.26574	-56.64949	6.02	-0.023
133.27214	-16.95247	6.43	1.082
133.27478	59.05614	6.35	0.414
133.34399	61.96227	5.72	0.305
133.45274	-60.35391	5.78	-0.088
133.46082	-47.52078	5.31	0.275
133.46150	-40.44754	6.42	0.960
133.48200	35.53829	6.14	0.059
133.56138	30.57912	5.40	1.050
133.57478	-5.43446	6.01	0.661
133.72512	-58.23966	6.36	-0.086
133.76178	-60.64461	3.84	-0.104
133.79909	-54.96577	5.70	0.481
133.80179	-18.24119	5.75	1.327
133.83001	-45.04167	6.26	-0.152
133.84534	17.23128	6.28	2.975
133.84844	5.94556	3.11	0.978
133.87337	-7.97115	6.07	0.220
133.88154	-27.68187	4.87	0.142
133.91533	27.92748	5.23	1.000
133.97703	-15.43954	6.47	1.393
133.98145	11.62602	5.44	1.462
133.98293	-23.81830	6.39	0.157
134.08026	-52.72348	4.68	-0.115
134.12715	40.20147	5.90	0.378
134.14219	-16.70875	5.95	1.544
134.15433	4.23658	6.13	1.001
134.15601	64.60383	5.57	0.877
134.17078	-85.66315	5.43	0.306
134.20814	45.63165	5.72	1.125
134.23582	32.91043	5.44	0.181
134.24341	-59.22934	4.93	-0.182
134.28450	17.14375	6.17	1.001
134.31229	15.32276	5.22	0.149
134.39667	15.58128	5.68	0.209
134.42510	9.38776	6.19	0.984
134.48149	-48.57291	5.88	1.060
134.49444	30.23383	6.25	0.474
134.62176	11.85770	4.26	0.141
134.68305	-16.13273	5.80	0.521
134.71814	-47.23469	5.17	0.268
134.79471	18.13487	6.30	1.511
134.80189	48.04183	3.12	0.223
134.81592	-28.80602	6.24	0.997
134.85076	-59.08371	5.17	0.417
134.86201	13.07439	6.49	1.462
134.88606	32.41856	5.23	0.913
134.91631	-19.20804	6.19	0.461
135.02254	-41.25361	4.45	0.646
135.09273	-43.17399	6.04	-0.154
135.12833	37.60435	6.21	1.572
135.15988	41.78291	3.96	0.463
135.19059	-60.96383	5.80	1.211
135.28547	-68.68392	5.89	1.634
135.29758	-26.66372	6.20	1.137
135.33692	-41.86425	5.56	-0.135
135.35054	32.25230	5.89	0.088
135.38078	5.64099	6.08	1.111
135.41984	39.71352	6.39	0.314
135.43566	-52.18869	5.23	-0.120
135.45350	27.90259	6.07	0.243
135.49162	-0.48267	5.64	1.163
135.52663	-39.40216	6.25	1.000
135.61165	-66.39608	4.00	0.145
135.63622	67.62962	4.74	1.542
135.68444	24.45292	5.45	-0.041
135.68674	7.29827	5.85	1.100
135.77222	-53.55037	6.39	-0.074
135.90636	47.15652	3.57	0.007
136.00167	54.28389	5.74	0.034
136.02408	-47.44145	6.46	-0.155
136.03867	-47.09774	3.75	1.174
136.19987	-57.85257	6.43	0.288
136.22950	32.37683	6.46	0.241
136.28672	-72.60271	4.47	0.607
136.35040	48.53031	5.48	0.475
136.40989	-70.53850	4.66	-0.149
136.49319	5.09232	4.99	1.189
136.53181	-64.49985	6.37	1.361
136.63236	38.45222	4.56	1.037
136.64179	-55.80241	6.10	-0.132
136.67976	59.34452	6.44	0.045
136.74975	1.46269	6.16	1.648
136.86211	22.98087	6.39	0.453
136.93672	10.66819	5.23	-0.092
136.99899	-43.43259	2.23	1.665
137.00021	29.65424	5.42	0.888
137.01200	-25.85854	4.62	1.594
137.01732	32.54040	6.47	0.375
137.09791	66.87323	5.15	1.514
137.17575	-8.58952	5.60	-0.057
137.18138	-26.76760	6.15	0.170
137.18551	-16.27732	6.48	1.100
137.19721	26.62911	5.95	0.654
137.21279	33.88222	5.95	0.585
137.21773	51.60465	4.46	0.288
137.26754	-18.32855	5.73	0.000
137.29798	-12.35771	5.76	0.937
137.33972	22.04545	5.16	0.970
137.39821	-8.78765	5.47	1.002
137.43749	-49.42438	6.48	0.170
137.44343	11.56438	6.48	0.355
137.48504	-30.36540	5.59	0.179
137.48777	-52.08286	6.19	1.023
137.58691	21.99642	6.04	0.890
137.59811	67.13402	4.80	0.489
137.66166	30.96314	6.04	1.373
137.72942	63.51363	4.67	0.381
137.74202	-58.96690	3.43	-0.190
137.76833	-44.86790	4.99	0.222
137.80272	80.82891	6.37	0.385
137.81967	-62.31698	3.96	-0.180
137.88910	-46.58391	5.78	-0.218
137.92055	-39.25884	6.05	-0.108
137.98181	5.46863	6.34	0.328
137.99473	-19.74763	5.72	0.977
138.05152	-76.66303	6.13	1.090
138.05367	3.86698	6.14	-0.010
138.07312	14.99604	6.49	0.731
138.10851	-7.10983	6.10	0.232
138.12718	-43.61326	5.56	-0.107
138.21086	-60.91677	6.36	-0.044
138.23180	-59.41393	5.54	0.846
138.29990	-69.71721	1.67	0.070
138.32777	-42.27329	6.27	1.250
138.33980	-29.66437	6.38	1.600
138.35759	-38.61647	6.31	0.018
138.39356	-47.33841	5.92	-0.051
138.40526	21.28321	6.48	0.046
138.45086	43.21782	5.30	-0.130
138.51287	-14.69484	6.46	0.958
138.53421	-44.14582	5.85	-0.113
138.57496	-55.56963	5.26	0.980
138.58559	61.42332	5.18	0.605
138.59108	2.31428	3.89	-0.060
138.60202	-43.22749	5.24	-0.137
138.73820	-37.60240	5.85	0.827
138.80772	14.94151	5.36	1.319
138.80936	34.63352	5.98	0.839
138.81098	-45.55550	6.25	-0.070
138.82350	-58.38838	6.02	-0.101
138.83928	84.18101	6.30	0.339
138.85395	-15.02491	6.32	0.013
138.89464	-57.57774	6.32	1.037
138.90295	-38.56994	4.92	1.084
138.93783	-37.41314	4.63	0.473
138.95743	56.74141	5.28	1.568
138.96908	72.94633	5.93	0.179
139.01679	-44.89872	6.02	0.269
139.04720	54.02186	4.80	0.199
139.05030	-57.54147	4.34	1.602
139.09598	-44.26573	5.12	1.636
139.17236	-8.74476	5.49	-0.081
139.17390	-6.35314	5.24	1.172
139.23770	-11.10311	6.45	1.172
139.23782	-39.40154	5.31	1.166
139.27253	-59.27523	2.21	0.189
139.28217	-14.57407	5.83	1.049
139.32177	-68.68964	5.38	0.415
139.35489	-74.89431	5.28	0.021
139.36487	-74.73459	5.86	-0.024
139.37991	46.81723	5.96	0.063
139.42619	-54.49483	6.33	1.403
139.46398	11.50115	6.40	0.095
139.46523	-67.05087	6.14	1.254
139.52446	-51.05086	5.26	-0.062
139.60796	35.36408	5.94	0.177
139.67649	-51.56065	5.83	0.474
139.71101	36.80260	3.82	0.066
139.88531	-55.18647	6.28	-0.099
139.88806	-15.83466	5.79	1.285
139.94326	-11.97485	4.77	0.927
139.94973	-34.10334	6.40	-0.087
139.98208	74.01660	6.42	1.050
140.12091	-9.55569	4.80	0.913
140.12363	-37.58169	6.04	1.396
140.18234	51.26607	6.14	0.436
140.23124	-15.61783	6.30	0.468
140.23672	-62.40463	4.79	0.926
140.24738	38.18826	6.12	0.380
140.26376	34.39256	3.14	1.550
140.34835	45.37010	6.40	1.305
140.36326	32.90215	6.16	1.097
140.37330	-25.96544	4.71	1.633
140.43037	56.69922	5.79	1.511
140.45851	-55.51469	5.61	0.190
140.46245	-42.19486	5.56	1.637
140.52841	-55.01067	2.47	-0.141
140.59997	-46.04744	5.74	0.903
140.80104	-28.83387	4.71	0.892
140.85569	-48.28694	6.27	-0.144
140.86384	-60.30231	6.30	1.477
140.88240	25.18284	6.41	0.856
140.91565	-46.90875	6.21	-0.093
140.93693	-37.75690	6.47	0.193
140.99723	-51.73708	6.05	0.528
141.02289	-61.64890	5.99	1.060
141.03844	-80.78688	5.34	0.454
141.06786	-39.42550	6.05	0.193
141.15452	-70.07578	6.45	1.275
141.16358	26.18232	4.47	1.222
141.23201	51.57390	6.30	0.774
141.28273	-43.97660	6.31	1.526
141.35015	-5.11739	5.60	1.523
141.36348	-61.95048	5.77	0.137
141.38542	16.58559	6.31	0.968
141.43404	63.94094	6.24	1.465
141.57483	-53.37891	5.09	-0.102
141.59295	-1.46408	6.01	1.313
141.61858	-40.50171	6.19	0.251
141.68372	-64.92970	6.05	0.147
141.68709	-28.78770	6.12	-0.089
141.77629	-71.60190	5.46	1.079
141.82669	-22.34378	4.72	1.154
141.89685	-8.65860	1.99	1.440
141.94492	-6.07119	5.38	0.642
141.95435	-71.78110	6.33	0.413
141.96496	75.09834	6.20	0.115
142.11417	9.05678	5.40	0.605
142.12157	8.18830	5.72	1.045
142.12728	-66.70188	5.90	0.012
142.16662	45.60148	5.40	0.993
142.19627	-62.27313	5.91	1.102
142.25958	-1.25691	6.27	0.274
142.28707	-2.76896	4.59	0.411
142.30268	-20.74913	5.66	1.587
142.31133	-35.95134	4.51	1.408
142.31739	-38.40354	6.15	0.216
142.35184	-2.20517	6.14	0.222
142.38507	-4.24664	6.25	0.838
142.45781	-23.34534	6.26	1.559
142.47710	-26.58962	5.49	1.345
142.52129	-51.51716	5.45	-0.078
142.59368	-15.57735	5.86	1.193
142.59759	-58.36184	5.88	1.676
142.67500	-40.46677	3.60	0.371
142.68008	33.65571	5.87	1.032
142.69208	-31.88922	5.75	0.066
142.80550	-57.03438	3.16	1.538
142.88212	63.06186	3.65	0.360
142.88400	-31.87183	5.91	0.258
142.88504	35.10327	5.39	1.543
142.88769	-35.71475	5.86	1.287
142.88759	-66.71903	6.27	1.348
142.90114	-73.08091	5.46	1.556
142.91245	-10.55201	6.13	0.261
142.93012	22.96797	4.32	1.541
142.98212	-10.37034	6.12	1.183
142.98641	11.29983	4.99	1.046
142.98991	9.71577	5.07	1.364
142.99553	-1.18466	4.54	0.109
143.07661	-28.62777	6.43	0.358
143.08033	-40.64933	5.35	0.897
143.08504	-19.40030	5.74	0.135
143.17248	1.86415	6.11	0.614
143.21431	51.67730	3.17	0.475
143.23239	-13.51680	5.95	1.501
143.25822	-8.50537	6.12	0.974
143.28200	-39.12907	6.43	0.337
143.29687	45.51376	6.49	1.141
143.30192	-21.11572	5.02	1.023
143.33294	-7.19020	6.25	1.170
143.35855	-22.86388	5.92	0.023
143.37651	36.48695	6.19	1.264
143.43558	-49.00507	5.12	-0.114
143.47240	-80.94126	5.07	-0.139
143.49642	23.45392	6.26	1.453
143.53664	-51.25527	5.01	-0.180
143.55576	36.39756	4.54	0.914
143.61104	-59.22975	4.08	-0.013
143.62025	69.83034	4.54	0.781
143.63603	-5.91495	5.56	1.159
143.70597	52.05148	4.47	0.027
143.72303	72.20568	5.77	0.530
143.76596	39.62149	4.81	0.992
143.79926	-35.82375	6.48	0.417
143.89084	-19.58339	6.33	0.069
143.91459	35.81013	5.40	0.770
143.97035	14.37959	6.32	0.027
144.02815	74.31881	6.46	-0.083
144.10586	-48.75118	6.18	0.277
144.17855	31.16173	5.57	1.594
144.19287	-52.94367	6.18	1.051
144.20642	-49.35503	4.34	0.173
144.25086	-25.29676	5.68	1.116
144.26075	16.43795	5.73	1.223
144.27203	81.32638	4.28	1.488
144.29121	-32.17865	5.62	1.023
144.30272	-53.66851	5.44	0.137
144.30278	6.83580	5.00	1.051
144.36834	-36.09599	5.96	1.118
144.40629	60.21368	6.41	0.921
144.44140	-3.17064	6.45	0.986
144.46460	-9.42445	6.40	-0.040
144.48418	73.08039	6.39	0.352
144.50606	-43.19094	5.51	0.985
144.59073	40.23979	5.28	0.223
144.61370	4.64929	4.68	1.310
144.83749	-61.32806	4.51	-0.070
144.86614	67.27223	5.96	1.528
144.93803	-62.94292	6.40	-0.084
144.94754	-10.57027	6.31	-0.029
144.96401	-1.14281	3.90	1.313
145.07651	-14.33229	5.07	-0.149
145.08362	-10.76918	6.37	0.083
145.17731	-57.98355	5.30	0.195
145.25911	-57.25954	5.80	1.083
145.28764	9.89231	3.52	0.516
145.32086	-23.59151	4.76	-0.117
145.39632	31.27782	5.90	1.579
145.41035	25.91288	6.26	1.251
145.44970	-55.21376	5.99	-0.119
145.50143	39.75785	5.61	0.951
145.55402	-66.91482	6.33	0.075
145.56007	-23.91557	4.93	0.534
145.56176	69.23754	5.72	1.131
145.67230	-35.50171	6.39	-0.053
145.67808	35.09337	6.12	0.386
145.67956	48.43100	6.36	0.010
145.73828	72.25262	5.15	1.029
145.86495	-51.22814	6.15	-0.098
145.88858	29.97447	5.64	0.111
145.92598	-53.89128	5.56	-0.042
145.93294	14.02169	5.36	1.610
146.05040	-27.76947	4.78	0.516
146.12502	18.86349	6.49	1.158
146.15229	64.98411	6.18	0.419
146.31171	-62.50790	3.69	1.010
146.34170	-30.20275	6.45	-0.137
146.37911	78.13471	6.25	1.353
146.41925	-57.18604	6.47	-0.108
146.46280	23.77425	2.97	0.808
146.48211	-58.79383	6.22	0.461
146.54185	6.70856	5.80	1.639
146.58597	-76.77612	5.43	0.901
146.59720	11.81004	5.67	1.489
146.59838	1.78559	5.65	0.342
146.62654	-44.75506	5.58	-0.176
146.63193	57.12807	5.09	1.594
146.77551	-65.07201	2.92	0.273
146.82518	79.13668	6.09	0.303
146.84248	23.64769	6.49	1.093
146.85819	11.56817	6.44	0.255
147.14738	46.02101	5.08	0.619
147.16666	-56.41189	6.05	0.937
147.36701	-37.18677	5.95	1.245
147.45873	21.17942	6.10	0.257
147.46395	-36.26846	6.36	1.008
147.48809	-45.73274	5.09	-0.098
147.59827	65.59323	6.27	0.290
147.62534	4.34365	6.24	0.479
147.67474	-46.93392	5.72	1.085
147.73159	-62.74512	5.56	1.316
147.74732	59.03874	3.78	0.291
147.75329	-80.06106	6.47	0.074
147.75827	13.06624	6.45	1.624
147.80028	-59.42577	5.79	1.354
147.80847	-4.24335	6.01	0.171
147.83217	-46.19387	5.62	1.166
147.84007	-6.18193	6.42	0.577
147.86956	-14.84660	4.11	0.918
147.91945	-46.54762	4.58	1.172
147.92173	-11.34051	6.48	1.610
147.97099	24.39537	5.29	0.229
147.99806	-16.53478	6.08	1.035
148.02648	54.06433	4.55	0.038
148.04994	0.07561	6.34	0.934
148.05068	2.45413	6.02	-0.040
148.12681	-8.10503	5.07	0.038
148.19091	26.00695	3.88	1.222
148.24178	-27.33217	6.28	0.622
148.42885	5.95857	5.90	1.662
148.45874	-51.14671	5.95	-0.152
148.55133	-25.93234	4.87	1.199
148.57356	-45.28352	5.72	-0.114
148.63256	-22.48746	6.23	0.052
148.71346	-50.24396	5.71	0.006
148.71754	-19.00936	4.94	1.559
148.76399	61.11612	6.29	1.036
148.92918	49.81984	5.27	0.086
149.02222	-40.82455	6.39	1.612
149.04055	-71.38930	6.30	-0.056
149.09123	-51.33616	6.39	-0.162
149.10823	8.93316	5.85	1.129
149.14789	-33.41850	5.83	1.202
149.19518	-26.54967	6.27	0.219
149.21559	-54.56779	3.52	-0.067
149.22538	-27.47515	6.32	0.173
149.24920	-69.10180	6.18	-0.100
149.29559	-52.63878	6.13	-0.115
149.30671	57.41820	5.97	0.895
149.42106	41.05563	5.11	0.481
149.42749	-48.41407	6.06	-0.127
149.43293	-1.94175	6.43	0.700
149.48686	45.41430	6.34	1.096
149.53180	8.31398	6.05	1.357
149.55573	12.44480	5.26	-0.035
149.59488	72.87951	5.86	1.155
149.60849	27.75900	6.48	0.362
149.71781	-35.89097	5.23	0.300
149.77627	-23.95077	6.11	-0.101
149.90089	29.64523	5.75	1.059
149.96536	56.81181	5.50	1.487
150.05336	8.04422	4.68	1.589
150.18245	-82.21467	5.53	0.035
150.25274	31.92367	5.37	0.676
150.29994	-56.09656	6.42	-0.013
150.41962	-53.36411	6.20	-0.137
150.49187	-57.34979	6.20	1.108
150.50040	-60.42089	5.93	0.263
150.70396	21.94926	5.68	-0.178
150.70588	-62.15667	6.41	1.688
150.74976	-60.17867	6.18	0.175
150.83575	-46.63619	6.11	0.041
150.89216	-61.88404	6.14	-0.032
150.92078	-9.57379	6.09	1.671
151.01172	-18.10141	6.30	-0.060
151.03514	3.20105	6.43	0.398
151.08726	-24.28553	5.70	0.303
151.09735	-39.97586	6.42	1.311
151.15135	53.89172	5.71	0.507
151.25765	-51.31362	6.23	-0.054
151.28113	-13.06463	4.60	-0.087
151.29326	52.37130	6.31	0.135
151.31366	-36.38438	6.27	1.112
151.42049	15.75751	6.36	0.387
151.54672	-47.36999	5.06	0.880
151.69760	5.61149	6.20	0.939
151.78958	-17.14173	5.59	1.490
151.83313	16.76266	3.48	-0.031
151.85734	35.24469	4.49	0.190
151.89882	-48.26082	6.40	-0.150
151.97613	9.99751	4.39	1.448
151.98450	-0.37164	4.48	-0.032
151.98596	-62.22142	6.45	-0.095
152.00687	-37.33344	6.34	0.980
152.06620	31.60405	6.23	0.469
152.09296	11.96721	1.36	-0.087
152.14330	83.91837	6.31	1.549
152.14760	-15.61194	6.25	-0.007
152.17812	-65.81544	5.26	0.973
152.23433	-51.81126	4.85	-0.120
152.37570	-68.68278	5.80	0.015
152.38237	-35.85677	6.14	0.615
152.48536	-12.09530	6.24	0.184
152.52453	-12.81592	5.30	0.368
152.53142	-8.40817	5.91	0.026
152.64699	-12.35408	3.61	1.007
152.65716	-41.71525	5.98	1.239
152.73276	-8.41846	5.64	1.304
152.74571	40.66161	6.34	1.277
152.80324	37.40190	5.86	1.282
152.82402	-7.31663	6.23	0.026
152.89775	-58.82776	6.07	1.647
152.90921	13.35511	6.43	0.468
152.94358	-58.06054	5.70	-0.118
153.01188	-28.60596	6.28	0.019
153.09551	-52.16324	6.16	1.168
153.15817	-19.15304	6.45	0.494
153.20152	4.61468	5.77	1.178
153.25478	-59.91809	6.07	-0.072
153.33102	-27.02889	6.23	0.316
153.33825	-61.65883	6.42	-0.111
153.34287	-56.58670	6.48	1.450
153.34519	-51.23297	5.27	0.257
153.35304	-33.03172	6.38	0.592
153.36664	-51.75579	5.78	0.136
153.37764	-66.37281	5.15	0.217
153.43424	-70.03790	3.29	-0.074
153.44135	-40.34606	5.91	1.204
153.45710	27.13582	6.05	0.844
153.48566	-40.31077	6.33	0.940
153.53734	-23.81395	6.36	1.639
153.62395	21.16806	6.02	0.573
153.68398	-42.12194	3.85	0.051
153.77641	31.46807	6.47	0.858
153.78195	59.98554	6.18	1.621
153.81933	-54.97421	6.16	-0.155
153.83697	-36.51772	6.17	1.058
153.88153	-43.11237	5.59	1.520
154.01338	-59.90341	6.22	0.194
154.03749	-11.20342	6.08	1.096
154.06013	29.31050	5.49	0.020
154.11701	28.68248	6.46	0.635
154.13454	23.50310	5.95	0.655
154.16723	-51.20464	6.20	1.435
154.16974	13.72833	5.42	1.650
154.17257	23.41731	3.43	0.307
154.17399	25.37071	5.84	1.206
154.27073	-61.33230	3.39	1.541
154.27413	42.91436	3.45	0.029
154.31058	23.10622	5.81	0.500
154.33409	-46.83494	6.48	0.329
154.40751	-8.06891	5.25	0.336
154.50844	65.10835	5.74	0.163
154.53163	-28.99200	5.52	0.277
154.61768	-41.66849	5.97	-0.063
154.63673	43.04844	6.48	0.925
154.65772	-36.80457	6.31	1.282
154.65795	-56.11039	5.80	0.481
154.74470	46.76078	6.42	1.190
154.75294	24.71214	6.42	1.388
154.77113	-64.67626	5.66	0.042
154.82029	-12.52813	6.01	0.258
154.86162	48.39676	6.00	1.022
154.88477	-5.10615	6.38	0.894
154.90313	-55.02930	4.59	1.600
154.92513	-65.13724	6.35	1.556
154.93403	19.47091	4.78	0.452
154.99314	19.84149	2.01	1.128
154.99784	-9.05900	6.31	0.338
155.06164	53.77939	6.45	0.580
155.06965	-47.69909	5.66	1.667
155.12979	54.21684	6.01	1.128
155.22832	-56.04322	4.50	-0.102
155.26392	68.74765	5.88	0.241
155.36943	-23.71083	6.47	0.193
155.45960	14.97577	6.16	0.018
155.54343	-58.26557	6.34	0.884
155.54401	41.22953	5.73	0.531
155.55391	-19.86657	6.12	0.035
155.58160	-41.64996	4.82	1.095
155.58225	41.49952	3.06	1.603
155.74227	-66.90150	4.97	-0.128
155.75186	6.54264	6.06	1.119
155.77637	33.90814	5.89	0.147
155.80475	-30.16226	6.25	0.304
155.86033	-4.07403	5.93	-0.048
155.86821	-0.90224	6.45	0.918
155.87207	-38.00984	5.34	0.251
155.88607	-3.64285	6.39	1.601
155.91927	-41.95319	6.24	0.884
155.92400	29.61586	6.36	1.090
155.96096	-57.95393	6.34	1.517
156.03269	65.56642	4.94	-0.052
156.03585	33.71853	5.52	1.186
156.05490	2.36802	6.33	0.991
156.09878	-74.03161	3.99	0.369
156.18547	-73.97173	6.18	0.071
156.24757	-58.57630	5.93	0.315
156.31331	8.78484	5.61	1.630
156.32173	-42.46740	6.18	1.006
156.43446	-7.05983	5.60	1.528
156.43718	35.42543	6.49	1.089
156.47839	33.79612	4.72	0.260
156.52261	-16.83629	3.83	1.456
156.54096	-42.73849	6.13	1.129
156.65381	-0.98806	6.33	1.443
156.70384	-54.87730	5.58	1.556
156.75202	19.36454	6.15	1.141
156.78792	-31.06778	4.28	1.429
156.85196	-57.63880	4.65	0.474
156.85535	-65.70466	6.00	0.091
156.86684	41.60104	6.00	0.166
156.91246	9.76240	6.01	-0.043
156.96971	-58.73940	3.81	0.317
156.97083	36.70721	4.20	0.908
157.00873	-49.40580	6.10	1.506
157.01618	48.78490	6.42	0.610
157.07609	-63.16457	6.42	-0.039
157.15217	45.21221	6.37	1.330
157.18317	-3.74238	6.05	0.059
157.21907	-64.17228	5.27	1.856
157.26561	-65.17624	6.42	1.675
157.36959	-2.73908	5.19	-0.050
157.37072	-29.66383	5.58	1.420
157.39741	-30.60707	5.57	-0.041
157.42275	84.25201	5.52	0.244
157.47682	65.62623	6.32	1.141
157.52687	38.92513	5.79	0.087
157.53661	-66.98465	6.19	-0.004
157.57283	-0.63703	5.08	-0.138
157.58387	-71.99279	4.72	0.042
157.61077	64.25769	6.07	0.178
157.65658	55.98054	4.82	0.541
157.66353	-61.35647	6.41	1.650
157.74485	-7.63755	6.20	1.377
157.74932	-13.58847	5.59	-0.028
157.75858	-73.22149	4.94	1.677
157.76943	82.55859	5.25	0.399
157.84093	-53.71548	4.89	0.500
157.95283	-28.23710	6.04	0.501
157.96407	32.37955	5.90	0.114
157.98599	-45.06966	6.04	-0.096
157.98932	-45.06671	5.76	-0.194
158.00610	-61.68533	3.30	-0.089
158.04906	14.13727	5.43	1.696
158.14004	-44.61851	5.91	0.920
158.19921	-58.66674	5.98	0.290
158.20280	9.30659	3.84	-0.148
158.23692	-47.00335	5.02	1.045
158.30787	40.42556	4.72	0.222
158.35579	-58.19015	6.09	0.325
158.37880	34.98869	5.57	0.029
158.50369	-23.74516	5.08	1.596
158.55297	-60.98763	6.25	1.399
158.70006	6.95375	5.07	0.921
158.74041	-23.17625	6.10	0.496
158.75900	8.65043	5.67	0.059
158.77284	75.71295	4.86	0.957
158.79039	57.08264	5.16	0.349
158.79339	-43.66459	6.09	0.940
158.80354	-39.56259	5.50	3.015
158.85316	-76.30899	6.29	1.205
158.86711	-78.60779	4.11	1.580
158.89707	-57.55764	4.45	1.604
158.91193	-18.56898	6.49	0.199
159.00815	80.49463	6.48	0.963
159.01878	-26.67548	6.29	0.475
159.06941	-16.34433	6.01	1.638
159.08549	-59.56439	5.08	1.172
159.08926	36.32693	6.29	0.436
159.13493	-12.23012	5.71	0.528
159.30719	-27.41263	4.87	1.626
159.31714	-53.85526	6.43	-0.150
159.32559	-48.22562	3.84	0.300
159.36278	-58.73334	5.47	0.500
159.38864	-13.38454	4.89	2.800
159.46777	34.07862	6.42	1.364
159.51102	-57.25631	5.89	-0.128
159.64564	-16.87657	4.91	0.922
159.68005	31.97624	4.68	0.823
159.68748	-59.18300	4.69	1.562
159.70964	-42.75344	6.10	0.661
159.71005	-12.44362	6.04	-0.007
159.74841	-58.81685	5.96	1.692
159.77356	53.66830	5.55	1.270
159.78180	37.91000	5.84	0.595
159.81624	-74.49338	6.08	1.683
159.82664	-55.60327	4.29	1.025
159.84513	-64.11179	6.33	-0.072
160.04766	-65.10021	5.51	-0.158
160.21475	-35.74172	6.36	0.917
160.32298	-59.67692	6.35	0.088
160.35078	-1.74149	6.25	0.880
160.45108	68.44350	5.74	1.315
160.46466	-79.78329	5.97	-0.071
160.48563	65.71628	5.12	1.207
160.54695	31.69700	6.02	1.617
160.55883	-64.46643	4.76	-0.139
160.63072	-13.97451	6.24	1.540
160.66903	-59.21576	5.36	0.213
160.67995	-32.71567	5.63	0.006
160.73917	-64.39445	2.74	-0.220
160.75784	26.32558	5.51	0.160
160.76683	69.07621	5.01	1.406
160.83717	4.74767	5.77	1.168
160.85398	23.18840	5.08	0.042
160.88454	-60.56662	4.58	1.700
160.88705	46.20388	5.18	0.324
160.93057	57.19920	5.79	-0.038
160.96330	-64.24904	5.74	0.012
160.96774	-60.11778	6.45	-0.017
161.02881	-63.96107	4.80	-0.134
161.06061	19.75883	6.27	0.196
161.08342	-70.85972	6.25	0.208
161.09546	-59.99332	6.32	-0.310
161.11234	-72.44350	6.26	0.510
161.13473	-70.85525	6.43	0.227
161.26679	67.41138	5.95	2.382
161.28940	2.48797	6.27	1.212
161.31797	-80.46960	5.46	0.957
161.44585	-80.54019	4.45	-0.188
161.46623	30.68231	5.36	-0.050
161.52367	6.37318	6.38	1.121
161.56899	-64.51456	5.33	-0.096
161.57111	-60.60287	6.26	0.038
161.59367	57.36591	6.34	1.568
161.60227	18.89152	5.50	1.134
161.60532	14.19464	5.49	0.908
161.62328	-64.26324	5.23	-0.077
161.65476	-43.19267	6.29	0.202
161.69241	-49.42026	2.69	0.901
161.70032	-69.20979	6.34	0.180
161.71341	-64.38347	4.87	-0.149
161.71690	-17.29687	5.44	0.112
161.73947	-56.75719	5.14	-0.080
161.87751	-69.43773	6.35	-0.085
161.90999	-57.46741	6.29	1.673
161.93465	-59.87526	6.47	-0.121
161.97304	-64.26284	6.46	0.008
162.02253	-59.91916	5.98	0.274
162.05880	-31.68785	5.87	0.028
162.16898	-1.95890	5.92	1.608
162.20779	65.13249	6.40	-0.022
162.23845	29.41606	6.15	1.144
162.31429	10.54520	5.32	0.035
162.35182	-59.32379	5.85	0.008
162.37000	63.81003	6.42	1.287
162.40620	-16.19365	3.11	1.232
162.43120	-9.85269	5.85	1.074
162.47386	27.97395	6.05	0.399
162.48757	-34.05818	5.61	0.038
162.57523	-8.89776	5.80	0.156
162.77254	-3.09267	5.95	1.475
162.79587	56.58225	5.66	1.132
162.84885	59.32012	5.57	1.160
162.94531	-57.27231	6.29	0.226
163.05705	1.02497	6.37	0.087
163.11930	-79.55944	6.36	1.460
163.12852	-57.24041	5.26	0.130
163.13358	52.50361	6.44	1.114
163.15038	-0.20166	6.31	1.503
163.32794	34.21487	3.79	1.040
163.33820	-58.89345	6.26	-0.104
163.35401	-2.25521	6.12	0.913
163.37305	-20.13873	5.23	0.480
163.37357	-58.85317	3.78	0.945
163.37794	69.85388	5.91	1.010
163.38710	-15.44582	6.34	1.176
163.38919	-56.42050	6.45	1.392
163.39355	54.58513	5.12	1.355
163.42532	-70.72034	5.99	-0.020
163.43213	-2.12921	5.45	0.966
163.49476	43.18996	4.66	-0.039
163.57407	-13.75804	5.65	0.832
163.62335	-61.82662	5.95	1.736
163.67570	25.49072	6.19	0.291
163.74241	34.03480	5.73	1.032
163.75418	-42.25110	6.08	-0.061
163.79822	-20.66496	6.45	1.098
163.82175	-60.51700	5.93	1.065
163.86337	-43.02053	6.40	0.068
163.90332	24.74972	4.30	0.016
163.92665	0.73692	5.91	0.425
163.93494	33.50693	5.02	1.101
164.00612	6.18537	5.91	1.256
164.06049	42.00816	6.03	1.123
164.07022	22.35168	6.17	1.549
164.14345	25.50024	6.36	1.036
164.17938	-37.13777	4.60	1.006
164.28270	-50.76502	5.90	0.173
164.31575	-75.09976	6.16	1.531
164.33408	-69.03806	6.48	0.000
164.45078	-59.73219	6.36	0.840
164.80725	-33.73760	5.70	0.374
164.80838	-61.32074	6.16	-0.064
164.80737	-84.59389	6.19	0.100
164.82448	51.88236	6.22	1.352
164.86656	40.43026	5.03	0.624
164.87887	-16.35370	5.88	1.600
164.88661	36.09310	5.99	1.595
164.94360	-18.29878	4.08	1.079
164.98677	77.77017	6.18	0.966
164.99741	-43.80711	5.81	-0.064
165.03449	-51.81780	6.15	0.188
165.03860	-42.22586	4.37	0.116
165.04872	-14.08337	5.86	1.501
165.06127	45.52628	5.47	1.466
165.08615	42.91172	6.03	0.584
165.10648	51.50210	6.41	1.007
165.14020	3.61749	4.84	1.144
165.15104	-53.11183	6.44	1.280
165.16993	-31.83937	6.06	0.527
165.18668	6.10145	4.98	0.166
165.21008	39.21209	5.06	0.255
165.23912	-15.79268	6.35	1.172
165.27358	63.42111	6.38	0.169
165.45698	-2.48458	4.73	1.593
165.46032	56.38243	2.34	0.033
165.55771	-41.11415	6.48	1.474
165.58240	20.17984	4.42	0.053
165.60189	-26.83151	6.21	0.307
165.81059	-0.75234	6.12	0.269
165.81200	-11.30347	5.51	0.938
165.81690	-31.96085	6.44	1.616
165.86410	70.03074	6.44	1.280
165.90223	-13.43492	6.34	0.860
165.90247	-0.00083	5.95	1.218
165.93195	61.75103	1.81	1.061
166.00095	-57.95533	6.16	-0.167
166.13011	38.24136	6.01	0.165
166.13000	-47.67910	5.67	0.256
166.22581	-35.80468	5.43	0.021
166.25428	7.33601	4.62	0.332
166.26713	-49.39230	6.11	-0.019
166.33295	-27.29361	4.92	0.369
166.39165	-11.08890	6.09	0.301
166.48987	-27.28785	5.69	-0.067
166.52392	-51.21292	6.28	0.943
166.60105	-64.83997	6.39	0.114
166.61464	-50.95673	6.31	1.156
166.62203	-58.67502	6.07	1.210
166.63512	-62.42411	4.62	0.988
166.68345	17.73736	6.40	1.555
166.70787	-70.87793	5.58	-0.070
166.72586	1.95553	5.52	0.955
166.81955	-42.63868	5.15	0.029
166.89222	-48.63998	6.44	1.486
166.91544	23.32376	6.48	0.164
167.06574	-29.97249	6.47	0.029
167.14166	-61.94717	5.11	0.195
167.14746	-58.97504	3.93	1.225
167.18333	-28.08067	5.43	0.069
167.20454	24.65846	5.70	0.081
167.32950	36.30938	5.71	1.400
167.41042	43.20774	5.89	1.564
167.41587	44.49849	3.00	1.144
167.41578	67.21021	6.07	0.225
167.47247	-32.36753	5.79	0.027
167.87309	-71.43619	6.34	1.373
167.91454	-22.82585	4.46	0.025
167.93232	14.40015	6.30	0.209
167.99100	-26.80611	6.43	0.924
168.01475	-58.42336	6.24	1.495
168.04251	-46.26676	6.27	0.155
168.04558	68.27187	6.40	0.127
168.06163	-32.43379	6.35	1.683
168.12655	-18.49986	6.11	-0.004
168.13479	35.81408	6.41	0.600
168.13774	-49.10100	5.37	0.175
168.14500	-21.74934	6.39	1.381
168.15005	-60.31763	4.59	0.541
168.18837	-64.16977	5.22	-0.082
168.23632	-49.73609	6.12	1.055
168.31119	-44.37222	5.77	1.661
168.37826	-59.61932	5.74	-0.106
168.41414	-53.23181	5.75	1.309
168.41705	41.08884	6.33	1.150
168.43980	-0.06950	5.40	-0.020
168.50764	8.06070	5.79	1.128
168.52709	20.52372	2.56	0.128
168.56002	15.42957	3.33	-0.003
168.72550	-43.73370	6.22	1.606
168.80095	23.09550	4.56	1.657
168.92812	-57.35588	6.42	0.098
168.96625	13.30758	5.31	1.189
169.11593	-45.88001	6.30	0.403
169.16542	-3.65160	4.45	0.210
169.17437	49.47625	5.88	1.102
169.24241	-7.13469	6.11	0.211
169.30004	-38.01437	6.24	0.105
169.30969	-41.93433	6.46	0.015
169.32250	2.01056	5.18	1.511
169.32935	-67.82352	6.06	1.753
169.41193	-34.73735	6.44	0.408
169.61974	33.09431	3.49	1.400
169.64331	-79.66865	6.35	0.266
169.72900	1.65039	5.90	1.040
169.78292	38.18556	4.76	0.113
169.81848	-64.58249	5.99	0.471
169.83520	-14.77854	3.56	1.112
169.90219	-75.14245	6.26	-0.016
169.96147	-72.95829	6.46	0.004
170.01715	-71.99434	6.41	0.019
170.22406	67.10073	6.20	1.018
170.25169	-54.49102	3.90	-0.157
170.28414	6.02932	4.05	-0.058
170.45537	57.07486	6.43	0.161
170.48707	-77.60837	6.43	0.202
170.59629	-44.64592	6.10	0.926
170.70660	43.48270	4.99	0.998
170.71352	64.33051	6.02	0.085
170.78388	-56.77935	5.82	-0.004
170.80285	-36.16477	5.00	1.464
170.82480	0.13205	6.05	1.464
170.83917	-64.95471	5.09	-0.061
170.84118	-18.77997	5.08	0.439
170.98105	10.52951	4.00	0.423
171.00970	1.40777	5.39	0.938
171.04636	-72.25661	5.55	0.017
171.09189	-42.66910	6.13	-0.175
171.15246	-10.85932	4.81	1.556
171.22052	-17.68401	4.06	0.216
171.24553	11.43029	5.80	1.376
171.37272	-36.06306	5.21	0.979
171.38791	-37.74758	5.87	1.503
171.40156	16.45654	5.58	0.390
171.42978	-63.97247	5.18	0.495
171.45856	3.86011	6.35	0.345
171.48796	55.85046	5.73	0.988
171.60649	33.45061	6.33	0.454
171.64757	-61.11517	5.22	-0.077
171.68884	3.01310	6.49	0.778
171.69694	-53.15992	5.80	0.517
171.78965	-12.35675	5.93	0.490
171.97379	-1.69995	6.23	1.037
171.98433	2.85627	4.95	1.000
171.99447	-35.32885	6.44	1.614
172.07672	-72.47398	6.09	0.101
172.14617	-42.67420	5.14	-0.028
172.26717	39.33697	5.30	0.019
172.26901	61.77837	5.83	0.382
172.31307	-63.55394	6.45	0.320
172.41090	-24.46401	5.77	0.067
172.42436	15.41327	5.74	1.371
172.43152	56.73757	6.29	0.157
172.57872	-3.00350	4.77	1.529
172.60344	46.65753	6.30	1.265
172.62096	18.40980	5.54	1.056
172.62971	43.17324	5.94	0.524
172.72062	47.92892	6.40	0.879
172.81269	-61.27846	6.28	0.473
172.85092	69.33108	3.82	1.613
172.93727	14.36451	6.27	0.570
172.94195	-59.44206	5.07	1.026
172.94813	-20.77647	6.24	0.537
172.95333	-59.51565	5.12	0.432
172.96056	81.12726	6.12	0.264
173.06835	-29.26102	4.93	0.540
173.08332	-66.96182	5.89	1.136
173.08642	61.08252	5.46	0.515
173.09701	-26.74681	6.15	1.670
173.19807	-7.82752	5.94	1.380
173.20034	-40.43619	5.64	1.578
173.22554	-31.08723	5.13	1.581
173.25048	-31.85763	3.54	0.947
173.31176	-16.28038	6.05	0.590
173.40144	2.49903	6.49	1.601
173.40500	-40.58664	5.39	0.117
173.48452	36.81561	6.38	1.057
173.59146	3.06017	5.76	0.480
173.62286	-32.83134	5.96	0.811
173.67705	16.79691	5.95	-0.156
173.69024	-54.26409	4.62	-0.077
173.73688	-49.13649	5.50	1.041
173.74544	-4.36129	6.43	1.167
173.76564	20.44155	6.45	1.010
173.77045	54.78542	5.63	1.032
173.80534	-47.37258	5.64	1.682
173.92640	-61.28787	6.23	0.131
173.94535	-63.01984	3.11	-0.044
173.98160	-47.64164	5.26	0.257
174.01165	69.32295	5.19	0.974
174.07481	27.78135	5.80	0.248
174.09319	-61.05243	5.84	-0.102
174.14560	-33.57006	5.71	1.020
174.16968	-37.23719	6.30	0.062
174.17047	-9.80225	4.70	-0.073
174.23721	-0.82375	4.30	0.983
174.25219	-61.28344	5.14	1.105
174.25507	-32.98818	6.32	0.439
174.31515	-75.89654	5.64	0.362
174.39163	-47.74731	5.46	1.230
174.42632	77.59570	6.49	1.610
174.45158	-67.62038	5.94	1.013
174.47085	50.61821	6.14	1.068
174.53040	-61.82656	5.15	-0.040
174.54096	8.88379	6.18	1.081
174.58484	-63.37275	6.46	0.043
174.58571	43.62543	5.56	0.348
174.60028	-2.43590	6.22	1.119
174.61503	8.13430	5.24	1.499
174.63468	33.62583	6.29	1.325
174.63964	46.83421	6.09	0.401
174.66674	-13.20194	5.48	0.520
174.68709	45.10842	6.29	0.566
174.70474	64.34697	6.49	0.154
174.75184	-24.72109	6.40	0.821
174.87330	-65.39777	5.01	0.804
174.95973	-16.62023	6.17	1.579
174.96301	-14.46853	6.21	-0.007
175.05329	-34.74466	4.70	-0.070
175.11429	57.97040	6.35	-0.092
175.15418	-62.56810	6.32	0.029
175.17701	-53.96861	5.95	1.670
175.19611	21.35273	5.26	0.984
175.22347	-62.09010	4.93	1.111
175.25545	-83.09994	6.32	1.080
175.26256	34.20164	5.31	0.723
175.28500	-29.19627	6.44	0.651
175.33246	-43.09567	5.54	0.044
175.39275	31.74606	5.73	0.440
175.43124	55.17201	6.28	1.491
175.43312	-32.49940	5.20	1.475
175.51470	-20.29417	6.21	0.949
175.56216	-75.22732	6.48	0.528
175.61817	66.74491	5.32	1.267
175.72889	-79.30639	6.38	0.894
175.86328	-37.19016	5.98	1.449
175.87997	-62.48940	5.00	0.784
175.97017	-62.87828	6.10	0.063
175.97967	-6.67716	6.05	0.960
176.05485	25.21833	6.02	1.533
176.19073	-18.35067	4.71	0.958
176.30265	-49.06984	6.26	1.174
176.32100	8.25812	4.84	0.174
176.40175	-66.72876	3.63	0.160
176.43320	-45.69013	5.28	-0.118
176.46483	6.52938	4.04	1.501
176.51256	47.77941	3.69	1.181
176.62843	-61.17840	4.11	0.895
176.62947	-40.50035	4.89	0.664
176.73176	55.62819	5.27	1.276
176.77938	-35.90686	6.16	0.952
176.81587	-30.28651	6.48	0.681
176.82976	-57.69650	5.42	1.664
176.97875	8.24589	5.31	0.038
176.99640	20.21893	4.50	0.547
177.06056	-66.81491	4.75	1.522
177.09786	-10.31310	6.24	0.585
177.16129	14.28421	5.90	0.303
177.18784	-26.74978	5.10	1.594
177.25534	-0.31867	6.15	0.518
177.26491	14.57206	2.14	0.090
177.31162	16.24288	6.05	0.278
177.42110	-63.78848	4.30	-0.149
177.42381	34.93176	5.73	0.467
177.48589	-70.22579	4.98	1.360
177.58168	-15.86367	6.13	0.947
177.61366	-62.64938	5.68	0.233
177.65493	-27.27794	6.48	0.980
177.67383	1.76472	3.59	0.518
177.73059	12.27904	6.37	0.294
177.75930	-5.33333	5.62	1.058
177.78622	-45.17347	4.47	1.283
177.78963	33.37501	6.25	0.345
177.84124	-12.18781	6.34	0.410
177.92337	-30.83481	5.85	0.554
177.96344	-65.20591	4.89	-0.123
178.04283	-56.98774	5.56	0.069
178.22717	-33.90812	4.29	-0.100
178.24487	37.71868	6.42	0.754
178.36171	-35.06665	6.17	0.089
178.45770	53.69476	2.41	0.044
178.45949	0.55211	6.31	0.207
178.54792	-57.41020	6.05	0.050
178.60756	-37.74893	6.46	0.528
178.67725	-25.71389	5.26	0.883
178.68600	-66.37620	6.38	0.406
178.75005	-63.27918	5.89	0.210
178.76306	8.44394	5.58	0.937
178.80857	36.75638	6.47	1.581
178.91722	-28.47710	5.93	1.499
178.91889	15.64682	5.53	0.116
178.97821	-39.68952	6.13	1.010
178.99340	56.59856	5.83	1.101
179.00397	-17.15083	5.17	-0.022
179.18298	-47.07238	6.26	0.407
179.22182	61.54921	6.22	0.955
179.26561	-33.31546	6.20	-0.044
179.41670	-62.44875	5.59	-0.152
179.52989	32.27391	6.42	0.331
179.56344	-56.31731	5.44	-0.062
179.69859	-64.33956	5.59	0.174
179.72656	-25.90886	6.42	0.038
179.76391	0.53068	6.18	1.257
179.78904	-10.47590	6.49	1.450
179.79450	-45.83222	6.36	-0.081
179.79526	-51.69676	6.04	1.277
179.82307	33.16700	5.95	1.153
179.85674	-62.83095	6.34	0.317
179.90656	-78.22184	4.88	-0.054
179.98713	3.65520	5.36	-0.001
179.98907	34.03475	6.49	0.243
180.07751	80.85319	6.21	1.610
180.17593	-21.83750	6.28	1.220
180.18521	-10.44601	5.54	0.760
180.21316	-19.65898	5.28	-0.192
180.21829	6.61432	4.65	0.122
180.25724	-1.76817	6.32	1.204
180.37164	-57.50378	6.16	-0.004
180.41447	36.04209	5.59	1.019
180.52828	43.04560	5.22	0.283
180.58435	-85.63176	6.05	1.290
180.61863	-71.48898	6.41	1.163
180.65705	-69.19229	5.89	-0.080
180.71525	-7.68362	6.24	1.492
180.75625	-63.31293	4.32	0.280
180.91488	-42.43406	5.15	0.417
180.93518	5.55775	6.39	0.476
180.93544	-74.21410	6.44	1.198
181.06916	21.45915	5.89	0.248
181.06960	-51.47252	6.48	-0.046
181.08006	-63.16571	4.72	-0.081
181.11713	85.58713	6.27	0.560
181.16202	-68.32891	5.34	-0.012
181.18854	-59.25329	6.30	-0.034
181.19362	-76.51906	5.04	1.491
181.23840	-60.96825	5.95	1.691
181.30225	8.73299	4.12	0.967
181.31299	76.90573	5.78	1.029
181.41542	62.93312	6.14	1.178
181.47341	-65.54688	6.30	0.152
181.48611	-35.69393	6.23	-0.073
181.49923	-3.13159	6.37	0.997
181.52165	-32.96123	6.49	0.623
181.58302	-68.65140	6.23	1.237
181.59588	-65.70945	5.95	0.613
181.72041	-64.61373	4.14	0.353
181.95781	-75.36702	5.17	1.278
182.02177	-50.66128	4.46	-0.163
182.06130	-48.69249	5.34	-0.010
182.08958	-50.72243	2.58	-0.128
182.10305	-60.84713	6.22	1.733
182.10340	-24.72888	4.02	0.334
182.22417	-44.32599	5.75	0.240
182.22745	-41.23160	5.51	-0.097
182.42212	1.89789	5.95	1.120
182.44614	74.66137	6.34	0.511
182.51062	-34.70474	6.16	0.030
182.51424	5.80701	5.72	0.352
182.53117	-22.61977	3.02	1.326
182.63179	16.80927	6.40	0.070
182.64090	-37.87035	6.07	0.190
182.69207	27.28151	6.01	0.123
182.74994	81.70983	6.00	1.618
182.75509	-68.26097	6.48	1.352
182.76600	-23.60242	5.45	0.055
182.77128	-61.27742	6.08	0.398
182.88119	-51.35933	6.23	0.816
182.91296	-52.36846	3.97	-0.156
182.93711	57.05441	6.34	1.505
182.96323	25.87028	5.66	1.401
183.00424	28.53631	6.47	0.428
183.03871	20.54206	5.60	0.961
183.04976	77.61624	5.14	0.358
183.09158	-62.95077	5.91	0.253
183.19591	-70.15179	6.05	1.780
183.30393	-34.12527	6.34	1.449
183.35432	-38.92919	5.77	-0.144
183.35808	10.26234	5.85	0.262
183.40336	-33.79292	6.34	0.071
183.48526	-78.57393	6.34	1.234
183.51124	-45.72392	5.31	1.400
183.57052	-64.40852	6.20	0.075
183.68087	53.43463	6.18	1.061
183.74826	-20.84422	5.82	1.052
183.78538	70.20001	5.72	1.179
183.78632	-58.74893	2.79	-0.193
183.79399	-10.31240	6.11	0.470
183.83448	87.70012	6.27	0.346
183.85650	57.03262	3.32	0.077
183.87687	-41.91328	6.24	1.002
183.92288	72.55120	6.29	1.145
183.95154	-17.54193	2.58	-0.107
184.00078	14.89907	5.09	0.068
184.03146	40.66018	5.69	1.586
184.08558	23.94541	4.93	0.957
184.09922	-72.61450	6.21	-0.006
184.12557	33.06153	4.99	1.140
184.21391	86.43582	6.33	0.437
184.26389	-16.69374	6.05	0.113
184.27630	-65.69296	6.06	0.021
184.37333	53.19133	5.80	1.330
184.37740	28.93719	5.71	0.160
184.39282	-67.96074	4.06	1.603
184.43442	15.14470	6.36	1.384
184.44694	-36.09398	6.15	0.008
184.58677	-79.31224	4.24	-0.123
184.60937	-64.00307	4.06	-0.168
184.63175	30.24905	6.23	0.310
184.66799	-0.78718	5.90	0.168
184.70826	75.16056	5.47	0.054
184.74899	-55.14300	5.01	1.600
184.75844	26.00835	6.44	0.180
184.82997	23.03467	6.26	0.177
184.87303	28.15692	6.38	0.523
184.95296	48.98415	5.28	1.623
184.97649	-0.66680	3.89	0.026
185.04487	-22.17570	5.94	0.824
185.07397	26.00188	6.16	0.306
185.08199	26.61948	5.52	1.091
185.08742	3.31257	4.97	1.172
185.11760	-65.84266	6.20	-0.041
185.14017	-22.21590	5.20	-0.090
185.17240	27.05455	6.32	0.394
185.17927	17.79287	4.72	1.010
185.20298	15.54099	6.47	1.025
185.21201	57.86412	5.54	1.452
185.23214	-13.56572	5.14	1.048
185.34004	-60.40115	3.59	1.389
185.48437	47.18220	6.33	1.115
185.48928	-56.37439	5.91	1.533
185.53058	-67.52211	5.15	0.195
185.54512	24.77387	6.21	-0.012
185.55013	-68.30732	5.73	1.038
185.62630	25.84616	4.78	0.515
185.63350	5.30544	6.46	0.567
185.70596	-57.67613	5.38	-0.098
185.80787	-67.63155	6.36	0.887
185.81402	-4.97450	6.47	1.189
185.82861	-11.81212	6.48	1.640
185.83994	-24.84067	5.66	1.153
185.89758	-35.41268	5.32	-0.066
185.90309	-39.30236	6.39	0.285
185.93643	-38.91138	5.79	-0.064
185.94588	42.54274	6.03	0.366
185.94928	-30.33542	6.39	1.572
186.00623	51.56226	4.76	0.877
186.07718	26.09861	5.17	0.082
186.11168	25.58240	6.41	0.276
186.18633	-41.38429	6.24	1.169
186.26337	56.77783	5.82	1.622
186.27651	63.80278	6.31	0.919
186.28549	-42.51431	6.10	0.652
186.29902	-11.61059	5.95	0.043
186.31295	23.92620	6.03	1.094
186.32305	-65.76985	6.29	0.965
186.32671	-27.74900	6.09	1.272
186.34056	-35.18642	5.71	-0.066
186.40931	-86.15061	6.32	1.065
186.46224	39.01862	5.01	0.955
186.60027	27.26824	4.92	0.277
186.60079	71.92983	6.33	1.028
186.63233	-51.45064	4.82	-0.141
186.64957	-63.09909	0.77	-0.243
186.70059	-48.91319	6.25	0.674
186.71538	-32.83012	5.56	0.007
186.73447	28.26842	4.35	1.128
186.74707	26.82570	4.98	0.088
186.85345	-63.78899	6.02	0.052
186.87015	-58.31645	6.35	1.612
186.87025	-58.99176	5.38	1.543
186.89627	55.71272	5.68	1.582
186.92534	8.61034	6.36	0.935
186.95603	-16.63184	6.30	0.868
186.96478	-4.61528	6.23	0.430
187.00992	-50.23063	3.91	-0.192
187.08026	-64.34099	6.05	0.022
187.09360	-39.04117	5.45	-0.073
187.10702	-61.79484	6.21	1.253
187.13998	-56.40782	6.15	0.920
187.22794	25.91285	5.29	-0.056
187.36268	24.10893	5.47	0.445
187.43016	20.89611	5.68	0.093
187.46606	-16.51543	2.94	-0.012
187.47583	-56.52494	5.78	1.572
187.48885	58.40574	5.37	0.205
187.49120	-41.73590	6.00	1.515
187.51179	51.53563	6.21	0.536
187.51775	58.76777	6.07	0.988
187.51989	-13.39318	6.37	0.591
187.52774	69.20112	5.01	1.621
187.57269	-23.69642	5.63	1.670
187.70890	53.07661	6.20	0.568
187.75234	24.56717	5.47	0.056
187.79150	-57.11321	1.59	1.600
187.83923	7.60431	6.05	1.523
187.91134	-5.05259	6.19	1.041
187.91804	-59.42392	5.49	0.622
187.98381	-63.50584	5.96	0.263
188.01828	-32.53376	6.46	0.172
188.01761	-16.19601	4.30	0.388
188.04157	-73.00106	5.88	1.078
188.11673	-72.13299	3.84	-0.157
188.13669	-21.21212	6.41	1.110
188.14999	-13.85911	5.74	0.376
188.26200	10.29567	6.29	0.953
188.34271	-19.79255	6.26	0.304
188.37060	69.78824	3.85	-0.116
188.39258	24.28298	6.28	0.114
188.39275	-12.83020	5.58	0.861
188.41216	33.24758	5.42	1.011
188.43560	41.35748	4.24	0.588
188.44479	-9.45208	5.48	-0.035
188.44756	33.38467	6.24	1.051
188.49628	-49.90981	6.38	0.428
188.59681	-23.39676	2.65	0.893
188.67664	-44.67302	5.76	0.683
188.68339	70.02177	4.95	1.312
188.71284	22.62926	4.80	0.012
188.72686	-67.75689	6.11	1.514
188.78233	18.37706	5.03	1.152
188.78403	21.88138	5.86	1.242
188.87271	-61.84158	6.22	0.731
188.93972	-41.02194	5.12	0.224
188.99497	-20.52748	6.20	0.340
189.00430	-39.86951	5.78	0.003
189.19418	-50.33539	6.40	0.026
189.19731	-5.83190	5.88	0.072
189.24305	17.08954	5.70	1.436
189.29591	-69.13556	2.69	-0.176
189.42616	-27.13889	5.41	0.334
189.42568	-48.54130	3.85	0.049
189.51840	3.28244	6.33	0.000
189.59336	1.85466	5.68	1.592
189.68588	-18.25010	6.00	0.310
189.69282	40.87466	6.35	0.204
189.71816	-67.19305	6.22	0.007
189.75909	22.65950	6.39	1.096
189.76441	-30.42239	5.86	1.207
189.78046	21.06256	5.49	0.978
189.81073	-75.37059	6.46	0.098
189.81153	-7.99556	4.66	1.240
189.82025	35.95196	6.39	0.095
189.96887	-39.98730	4.63	-0.082
189.98272	-66.51114	6.26	-0.050
190.31647	-13.01390	5.17	0.432
190.34577	-46.14558	5.84	1.475
190.37933	-48.95989	2.20	-0.023
190.39129	62.71304	6.02	0.051
190.39330	10.42627	6.22	0.192
190.41518	-1.44937	2.74	0.368
190.45581	-19.75909	6.02	0.397
190.47107	10.23563	4.88	0.076
190.48570	-59.68582	4.91	-0.044
190.48799	6.80662	5.57	0.002
190.52094	-69.40755	6.31	0.750
190.64772	-48.81311	4.66	1.075
190.70733	-55.94700	6.06	-0.023
190.70944	-63.05862	5.27	0.195
190.76720	61.15542	6.39	1.268
190.78825	-56.17622	5.99	-0.074
190.85943	-40.17785	6.43	0.242
190.86800	-58.90274	6.41	1.092
190.90854	-1.57700	5.91	0.850
190.99445	-36.34915	6.38	-0.060
191.00221	-28.32396	5.46	1.346
191.10839	80.62102	6.33	0.160
191.11292	44.10300	6.34	0.469
191.24752	39.27892	5.95	0.557
191.25856	-68.83075	6.16	0.688
191.28261	45.44026	5.42	2.994
191.40441	7.67333	5.22	0.322
191.40855	-60.98132	4.69	1.049
191.57003	-68.10812	3.04	-0.178
191.59394	9.53968	5.65	0.989
191.59464	-56.48882	4.62	-0.150
191.66150	16.57769	5.12	1.346
191.69262	-33.31548	5.87	1.326
191.75961	5.95037	6.31	-0.013
191.80684	11.95809	6.11	0.122
191.82896	62.78115	5.88	0.215
191.88926	-6.30175	6.27	0.538
191.89310	66.79030	5.43	1.567
191.93026	-59.68876	1.25	-0.238
191.96422	3.57272	6.42	1.596
191.97352	-24.85166	6.43	-0.058
192.05973	13.55302	6.47	0.015
192.10941	-27.59738	5.65	0.947
192.16443	60.31982	5.83	0.467
192.17418	48.46684	6.25	0.195
192.19604	24.84023	6.29	0.703
192.22589	14.12258	5.71	0.024
192.27783	83.41783	5.92	0.015
192.30691	83.41290	5.38	0.033
192.32271	27.55238	5.76	0.051
192.43737	-71.98626	5.55	1.154
192.54475	37.51694	5.87	0.170
192.57207	22.86341	6.43	1.002
192.58119	-48.45954	6.26	0.046
192.67153	-33.99930	4.90	-0.031
192.74116	-52.78742	5.70	0.127
192.82490	-60.32979	5.71	0.344
192.84553	-10.33822	6.48	1.030
192.90371	3.05679	6.02	1.288
192.92467	27.54071	4.93	0.681
192.98721	-39.68043	5.99	-0.098
192.99123	-26.73827	6.14	0.232
193.02264	-48.09429	6.31	0.040
193.05107	17.07394	6.32	1.622
193.10246	-53.82993	6.26	1.106
193.11457	16.12250	6.29	0.173
193.26736	-54.95247	5.91	1.309
193.27878	-48.94331	4.33	1.344
193.29649	-3.55310	6.11	0.493
193.32393	21.24494	4.89	0.904
193.34123	-60.32849	5.75	0.295
193.35916	-40.17887	4.25	0.224
193.38378	19.48106	6.42	0.805
193.40885	-4.22466	6.45	1.094
193.45383	-60.37624	5.89	0.200
193.45714	12.41842	6.25	0.282
193.50729	55.95982	1.76	-0.022
193.55452	33.53448	6.25	0.207
193.57775	-11.64857	6.00	0.068
193.58818	-9.53899	4.77	1.590
193.64844	-57.17792	4.03	-0.180
193.65369	-57.16867	5.08	-0.089
193.66326	-59.14670	4.62	-0.153
193.73551	47.19672	5.75	1.451
193.74504	-85.12337	5.45	0.991
193.74381	-44.15197	5.89	0.633
193.83096	-42.91573	5.46	1.668
193.86895	65.43847	5.23	0.303
193.90087	3.39747	3.39	1.571
193.97185	-15.32702	6.18	-0.001
193.98806	-56.83581	5.34	0.010
194.00188	38.31491	5.61	0.337
194.00695	38.31838	2.89	-0.115
194.07318	54.09949	5.84	0.204
194.13204	-72.18521	5.93	1.115
194.24259	-54.58735	6.48	-0.042
194.26814	-51.19875	5.17	-0.066
194.28248	46.17679	6.11	1.012
194.30281	-12.06695	6.33	1.491
194.38804	-22.75350	6.31	1.069
194.57854	64.92553	6.44	1.150
194.69722	75.47251	6.00	1.030
194.73101	17.40945	4.76	1.568
194.91466	-3.81193	5.79	0.203
194.97946	66.59727	5.37	1.282
195.06863	30.78502	4.88	1.165
195.13607	-33.50527	6.01	0.386
195.14978	-3.36849	5.99	1.119
195.16130	18.37301	6.20	0.466
195.18208	56.36634	4.93	0.368
195.29006	17.12315	5.97	0.971
195.44553	63.61023	6.01	0.427
195.54415	10.95915	2.85	0.934
195.56776	-71.54886	3.61	1.190
195.77225	-71.47573	5.93	0.002
195.88878	-49.52726	4.83	0.029
195.94215	-20.58350	5.58	0.554
196.20098	-41.19632	6.24	1.649
196.20727	73.02498	6.43	0.218
196.27775	-47.11691	6.44	0.414
196.37824	-52.11566	6.43	1.690
196.43515	35.79890	5.20	-0.059
196.46778	45.26855	5.64	1.135
196.56960	-48.46329	4.71	-0.148
196.58850	21.15340	6.00	0.393
196.59418	22.61619	5.53	1.461
196.59535	62.04187	6.15	0.997
196.64617	-41.58844	5.59	1.050
196.72606	-35.86203	5.63	0.050
196.72766	-49.90625	4.27	-0.182
196.79471	27.62474	4.80	1.482
196.85123	-59.86051	5.98	0.435
196.90952	-53.45976	5.70	-0.061
196.97347	27.55596	6.20	1.363
196.97422	-10.74041	5.15	1.138
197.02980	-65.30602	5.44	-0.033
197.08503	-78.44603	6.43	0.008
197.11594	-67.79676	6.34	1.710
197.13528	-8.98439	5.57	1.178
197.26363	-23.11807	4.94	1.048
197.30182	10.02247	5.79	1.025
197.30933	-9.53810	6.32	1.017
197.41102	37.42315	6.01	1.169
197.42513	38.53389	6.25	-0.098
197.43866	-10.32933	5.95	1.490
197.44936	16.84861	5.91	1.450
197.48746	-5.53901	4.38	-0.008
197.49699	17.52943	4.32	0.455
197.51340	38.49898	5.91	0.294
197.74347	-52.56690	6.05	-0.079
197.78700	-42.23289	5.78	0.521
197.84673	-43.36855	5.24	1.049
197.91332	-26.55172	6.49	0.193
197.96434	-69.94202	5.92	0.415
197.96831	27.87818	4.23	0.572
197.97112	-63.30299	6.32	0.426
198.01327	-37.80302	4.85	0.693
198.01476	-16.19860	5.04	0.460
198.03504	24.25803	6.31	1.006
198.07332	-59.92058	4.58	-0.073
198.10597	80.47131	6.25	0.955
198.13717	11.55610	5.76	1.499
198.20335	-66.22675	5.91	0.048
198.21182	-42.69972	6.19	1.057
198.23215	-59.81660	6.18	0.592
198.30168	18.72701	6.10	1.201
198.34730	-50.69983	5.90	-0.011
198.36181	-18.82641	6.26	0.088
198.42892	40.15289	4.94	1.061
198.49033	-43.13911	6.16	1.366
198.54540	-19.93095	5.31	0.862
198.55037	-58.68394	5.91	1.084
198.56310	-59.10324	4.90	0.489
198.57222	-78.44745	5.84	1.040
198.63035	11.33166	5.64	1.514
198.68028	-48.95702	5.84	1.061
198.78941	-36.37141	6.17	0.968
198.81225	-67.89459	4.79	-0.078
198.85666	-69.67928	6.37	1.210
198.88313	40.85520	5.77	0.198
198.99488	-19.94310	5.21	1.011
199.05953	19.05173	6.46	0.972
199.11931	68.40800	6.20	-0.052
199.13442	19.78529	6.43	0.274
199.18712	-65.13826	6.06	0.431
199.19381	9.42416	5.19	0.585
199.21272	17.01718	6.49	0.926
199.22140	-31.50620	5.10	0.959
199.30422	-66.78344	4.86	1.480
199.30800	-43.97948	5.82	0.187
199.31512	13.67575	5.33	1.304
199.37439	-0.67606	6.36	0.260
199.38559	40.57261	4.72	0.306
199.40118	5.46987	4.78	1.638
199.56046	49.68206	5.14	-0.049
199.60131	-18.31120	4.74	0.709
199.61553	34.09830	5.81	1.366
199.64528	-51.28578	6.18	-0.001
199.70115	-79.97602	6.34	-0.027
199.73040	-23.17151	2.99	0.920
199.76771	35.12798	6.01	0.277
199.82910	-72.03560	6.04	1.341
200.07896	40.15055	5.60	1.204
200.14595	-59.77278	6.20	0.410
200.14924	-36.71229	2.75	0.068
200.15760	-52.74782	5.47	-0.125
200.17320	2.94229	6.26	0.102
200.20141	-55.80069	6.00	0.236
200.24042	-46.88001	5.76	1.106
200.37404	-19.48929	6.21	0.098
200.42351	2.08724	5.69	0.045
200.51634	43.90338	6.34	0.255
200.54037	5.15476	5.89	0.109
200.56786	-52.18296	5.81	0.072
200.65807	-60.98839	4.52	-0.141
200.71880	-47.94322	6.18	0.181
200.71911	-72.14671	6.06	0.049
200.75464	-17.73527	5.36	0.987
200.76083	-48.56279	6.37	-0.077
200.78596	-33.18988	6.17	1.653
200.82872	-4.92443	5.88	1.431
200.96715	-49.82281	6.48	0.959
200.97471	37.03392	6.10	1.637
200.98143	54.92536	2.23	0.057
200.98784	-20.92459	6.44	1.101
201.00201	-64.53567	4.52	0.822
201.12721	12.43183	6.44	1.062
201.13845	-5.16401	5.76	0.415
201.27783	23.85442	5.75	0.090
201.27966	-74.88782	5.04	1.110
201.29825	-11.16132	0.98	-0.235
201.30641	54.98796	3.99	0.169
201.30803	-64.48514	5.32	0.411
201.45959	-70.62725	5.65	-0.018
201.53236	-39.75511	5.11	1.181
201.53361	72.39148	5.82	1.652
201.54756	-1.19247	5.97	0.183
201.56918	46.02806	5.88	0.985
201.67987	-12.70766	5.27	1.477
201.73382	-41.49756	5.69	1.477
201.73668	78.64387	5.74	0.769
201.77661	-49.14371	6.31	0.003
201.81109	-40.16266	6.40	0.974
201.83607	-49.38129	6.27	-0.123
201.86318	-15.97358	4.76	1.096
201.99846	52.74559	6.34	0.259
202.00784	-26.40224	6.49	1.608
202.10754	13.77879	4.97	0.714
202.10934	40.72965	6.49	0.927
202.11286	59.94579	5.40	-0.010
202.19096	50.71857	6.42	0.404
202.19496	-69.62715	6.17	-0.014
202.28292	-64.67579	6.09	0.117
202.30417	10.81831	5.65	1.052
202.31215	-1.36443	6.42	1.122
202.35523	-51.16513	5.04	0.059
202.42825	-23.28133	6.40	1.317
202.50034	7.17885	6.18	1.471
202.60718	-6.47026	6.10	0.341
202.76107	-39.40731	3.90	1.186
202.81570	42.10615	6.07	1.075
202.88820	-28.11274	6.48	0.090
202.99119	-6.25582	4.68	1.606
203.01170	-18.72888	6.01	0.196
203.02256	-38.39884	6.14	1.031
203.14361	-29.56526	6.45	0.438
203.14958	-28.69277	5.69	0.037
203.20090	24.34674	6.11	0.969
203.21517	-15.36301	5.52	1.228
203.24197	-10.16500	5.21	0.964
203.39947	-65.63269	6.36	-0.014
203.53044	55.34843	5.60	-0.014
203.53305	3.65897	4.92	0.029
203.59111	38.78927	6.37	0.241
203.61358	49.01597	4.68	0.132
203.62068	-48.27216	6.32	-0.052
203.66854	-13.21432	5.92	0.020
203.67330	-0.59582	3.38	0.114
203.67813	76.54671	6.46	1.573
203.68157	-33.31085	6.46	1.250
203.69920	37.18241	4.91	0.404
203.88040	-5.39619	5.70	0.950
203.88927	10.20496	6.48	1.043
204.16624	49.48665	6.48	1.175
204.20187	-26.49520	5.73	0.220
204.21071	-34.46784	6.48	1.026
204.24618	24.61330	5.72	1.593
204.27504	-44.14320	5.96	0.936
204.29579	71.24225	5.50	1.219
204.30160	-61.69186	5.63	0.493
204.34781	-46.42788	5.91	-0.110
204.36512	36.29490	4.82	0.239
204.53178	-58.41465	6.41	1.113
204.53287	14.30193	6.49	0.274
204.67528	-29.56087	5.81	0.431
204.69049	-70.44483	6.11	1.415
204.70396	-57.62272	6.00	1.138
204.75952	18.26532	6.46	1.217
204.79999	-75.68379	6.32	-0.003
204.81212	51.80421	6.49	1.378
204.87687	52.92121	5.46	0.113
204.89424	10.74627	5.57	0.348
204.92018	-39.74759	6.29	1.597
204.95229	-40.05171	5.61	1.301
204.97191	-53.46639	2.29	-0.171
204.99920	-49.94996	5.74	1.496
205.04461	-64.57655	5.79	0.401
205.06491	31.01204	6.21	0.963
205.08910	57.20761	6.28	0.111
205.09680	50.51941	6.31	0.537
205.16282	28.06516	6.22	1.311
205.16862	19.95572	5.73	0.017
205.18447	54.68163	4.63	1.630
205.23116	-85.78604	5.56	0.183
205.25978	22.49577	5.63	1.009
205.37455	64.82241	5.85	0.073
205.40324	-8.70298	5.03	1.623
205.43655	-54.55943	4.99	-0.055
205.50453	-58.78708	5.38	-0.029
205.55317	8.38839	6.16	0.418
205.59623	82.75241	5.92	0.993
205.62003	41.67428	6.30	0.879
205.66334	78.06444	5.91	1.000
205.68096	34.98902	5.98	0.857
205.72764	-50.79024	6.43	1.671
205.72926	-41.40104	5.96	1.019
205.73379	-56.76797	6.00	-0.096
205.76547	3.53790	5.35	1.091
205.91702	-42.06752	5.96	-0.075
205.93818	22.70042	6.12	1.447
205.97824	52.06441	6.02	0.017
206.06667	-51.01245	6.44	-0.106
206.12428	-16.17907	5.55	0.805
206.19027	-25.50093	6.21	1.374
206.30505	55.87935	6.47	0.486
206.30598	10.32531	6.42	1.226
206.39612	-15.76747	6.18	0.046
206.40371	-26.11601	5.81	0.023
206.42186	-33.04372	4.23	0.390
206.48466	-12.42653	5.50	0.898
206.55644	41.08875	5.88	0.211
206.56046	-54.68337	6.42	0.116
206.57943	38.50363	5.92	0.948
206.64857	54.43268	5.68	-0.039
206.66408	-51.43277	4.64	0.955
206.68051	25.70224	5.97	0.523
206.73480	-36.25193	5.15	-0.007
206.73801	6.35038	6.33	0.630
206.74906	38.54270	5.51	1.036
206.79527	-62.58971	6.40	
206.80585	-9.70946	6.04	1.418
206.81560	17.45691	4.50	0.508
206.85580	-17.85984	5.41	1.623
206.86516	-50.24929	5.92	0.279
206.88516	49.31327	1.85	-0.099
206.91059	-50.32068	5.46	1.351
207.16140	31.19021	5.61	1.032
207.36134	-34.45078	4.19	1.520
207.36934	15.79790	4.05	1.520
207.37615	-41.68771	3.41	-0.225
207.40412	-42.47373	3.47	-0.170
207.42847	21.26411	4.92	1.432
207.43719	36.63282	6.43	0.256
207.43960	61.48931	5.97	0.974
207.46785	-18.13417	4.96	1.059
207.52712	-29.08132	6.19	-0.009
207.58082	-39.90086	6.43	0.992
207.60283	5.49722	6.00	0.899
207.61560	58.53946	6.45	0.094
207.74633	68.31530	6.39	1.179
207.78840	34.66440	5.89	1.635
207.83470	-24.39037	6.43	0.703
207.85808	64.72327	4.58	1.572
207.90207	-36.43328	6.34	0.484
207.94674	-46.89867	5.77	-0.153
207.94763	-69.40126	5.73	1.704
207.94781	34.44424	4.76	1.611
207.95667	-32.99409	4.32	-0.146
208.00406	-31.61921	6.11	0.478
208.02026	-52.81153	5.26	-0.084
208.07669	12.16514	6.10	0.042
208.28515	40.33798	6.48	1.550
208.29284	28.64813	5.91	0.202
208.30225	-31.92761	4.75	-0.111
208.30388	17.93287	5.71	0.845
208.38650	-35.66425	5.53	0.444
208.42956	-53.37332	5.87	0.009
208.46256	53.72868	5.70	-0.032
208.46692	-35.31436	6.17	1.009
208.48850	-47.12816	5.83	-0.053
208.56933	-28.56959	6.05	1.129
208.67116	18.39772	2.68	0.580
208.67561	-1.50312	5.16	1.093
208.70463	-67.65210	5.74	1.490
208.74251	-8.05885	6.19	0.530
208.80059	-52.16082	5.66	-0.072
208.88494	-47.28838	2.55	-0.176
208.91198	-82.66619	5.95	1.411
208.95831	14.05650	6.16	0.518
209.04358	32.03260	6.31	0.401
209.08240	-46.59295	5.82	1.140
209.08319	-54.13242	6.14	0.071
209.11615	1.05058	5.90	0.217
209.13727	-54.70466	6.00	0.780
209.14242	27.49208	5.02	1.441
209.36552	-23.02263	6.14	1.426
209.38357	61.49286	6.49	1.040
209.41202	-63.68670	4.71	1.075
209.49531	-25.99808	6.42	1.274
209.56778	-42.10075	3.83	-0.224
209.62977	-24.97225	5.20	-0.086
209.63017	-65.80066	6.20	1.043
209.66218	21.69622	5.76	-0.002
209.66628	14.64927	6.01	1.430
209.66978	-44.80358	3.87	-0.208
209.82284	-50.36965	5.92	0.957
209.95533	-3.54979	6.36	0.486
210.00050	-25.01040	5.77	0.480
210.07246	-61.48103	6.49	0.333
210.13672	-78.58998	6.09	0.007
210.21853	-66.26891	5.96	0.352
210.29367	27.38659	6.23	0.193
210.32941	-40.22194	6.12	1.265
210.33512	8.89491	5.98	0.089
210.40338	17.66839	6.36	1.215
210.41164	1.54453	4.23	0.121
210.43123	-45.60342	4.34	0.598
210.46104	68.67867	6.34	1.412
210.55079	45.75346	6.28	1.353
210.59492	-27.42977	5.47	1.331
210.63269	9.68610	6.18	0.853
210.74899	50.97181	6.16	0.026
210.75718	-31.68404	6.18	0.480
210.76695	-17.36701	6.32	1.380
210.86044	-56.21343	5.93	1.207
210.86445	-41.42334	6.08	-0.112
210.88480	10.78678	6.27	0.733
210.90319	7.54617	6.25	0.927
210.95585	-60.37304	0.61	-0.231
210.97121	-22.42160	6.30	0.452
210.98232	4.90097	6.24	0.406
211.06067	-5.38142	6.39	1.321
211.09729	64.37585	3.67	-0.049
211.11242	-14.97171	6.35	1.081
211.15595	2.29753	6.28	1.022
211.33283	-76.79675	5.69	1.239
211.44366	-54.66936	6.20	0.225
211.51153	-41.17963	4.36	-0.198
211.54544	-43.09170	6.18	0.986
211.59290	-26.68236	3.25	1.091
211.60482	-59.71591	6.39	0.079
211.67062	-36.36995	2.06	1.011
211.67843	-9.31352	5.46	0.347
211.73486	74.59378	6.43	0.160
211.92003	-48.70403	6.43	0.001
211.92302	-49.86761	6.45	0.660
211.98232	43.85445	5.13	1.493
212.05957	-63.20795	6.39	1.013
212.07209	49.45817	5.26	1.637
212.11319	-74.85029	6.02	0.581
212.19186	59.33765	6.47	1.023
212.21220	77.54751	4.80	1.368
212.21620	-43.47078	6.19	-0.056
212.23438	-59.27671	6.34	0.031
212.25247	-10.33455	6.45	1.003
212.39597	-51.50467	5.96	-0.053
212.47840	-53.43895	4.74	0.938
212.59972	25.09168	4.82	0.541
212.62875	-70.30546	6.07	1.718
212.71036	-16.30203	4.93	1.684
212.75783	-69.71932	6.07	0.190
212.81301	32.29589	6.14	1.258
212.88001	1.36240	6.42	0.479
213.01671	69.43255	5.18	1.595
213.06585	2.40943	4.99	-0.118
213.10236	-24.36335	6.35	1.351
213.19177	-27.26119	5.07	1.130
213.22394	-10.27370	4.18	1.323
213.30523	-26.61231	6.23	1.071
213.31837	-53.66567	5.53	1.438
213.37087	51.78996	4.53	0.233
213.41594	-54.62563	6.09	0.051
213.41996	-0.84546	5.89	0.489
213.52158	12.95944	5.53	0.537
213.58878	-5.94772	6.36	0.593
213.59811	41.51876	6.23	1.071
213.64836	13.97545	6.45	1.348
213.67068	21.87339	6.38	0.194
213.67775	-41.83749	5.61	0.929
213.71187	10.10061	5.29	1.007
213.72091	3.33588	6.41	1.600
213.73808	-57.08613	5.03	-0.074
213.75522	-29.28190	6.10	0.040
213.83879	-53.50994	6.40	1.576
213.85035	-18.20069	5.53	0.001
213.91119	-45.00076	6.31	0.596
213.91530	19.18241	-0.05	1.239
214.00362	-6.00055	4.07	0.511
214.04137	51.36723	4.75	0.236
214.08909	-6.62154	6.44	0.275
214.09591	46.08831	4.18	0.087
214.10114	39.74471	6.38	0.376
214.12569	-3.19630	6.15	-0.007
214.13685	20.12185	6.25	0.504
214.16131	-66.58789	5.72	-0.095
214.20306	-8.88447	6.47	1.212
214.22979	-77.66422	6.48	1.375
214.26579	-18.58570	6.22	0.985
214.33808	51.30737	6.19	0.070
214.36855	15.26338	5.84	1.678
214.45500	48.00200	6.32	0.466
214.49925	35.50951	4.80	1.057
214.50303	-7.54239	6.47	0.723
214.55790	-81.00776	4.89	0.243
214.65940	-18.71597	5.86	0.013
214.73295	54.86375	6.47	0.183
214.75373	-25.81543	5.87	0.518
214.77746	-13.37109	4.52	0.128
214.77982	-27.14115	6.35	1.591
214.81783	13.00430	5.41	0.385
214.84950	-37.00291	5.93	0.082
214.85092	-46.05809	3.55	-0.184
214.88533	-2.26552	5.14	1.023
214.92063	0.38433	6.18	0.201
214.93848	16.30695	4.84	1.228
214.94891	38.79405	6.33	0.053
214.96460	-61.27297	5.22	0.281
214.97167	-6.74617	6.42	0.915
215.03611	30.42913	6.45	0.156
215.04043	-43.05884	5.55	0.907
215.08143	-56.38650	4.30	0.082
215.13930	-37.88529	4.05	-0.030
215.17742	-45.18706	4.78	0.310
215.58216	-34.78679	5.57	-0.088
215.59650	-80.10895	5.06	-0.108
215.65446	-58.45912	4.76	0.795
215.66131	-48.31986	6.10	-0.130
215.75933	-39.51182	4.41	-0.185
215.77406	-27.75402	4.78	1.300
215.77842	25.33817	6.22	0.411
215.81369	1.24157	6.25	0.639
215.81397	-47.41696	6.41	1.257
215.83439	-50.77225	6.03	1.360
215.84457	8.44662	4.86	0.010
215.85678	-11.71404	6.22	0.990
215.95242	-53.17623	5.99	1.099
216.00365	8.24397	5.94	0.066
216.00825	27.41318	6.39	1.609
216.04727	5.82013	5.10	0.124
216.07612	8.08459	6.19	1.208
216.09196	-82.84825	6.42	-0.001
216.17005	-44.31113	6.43	1.047
216.17022	-11.66970	6.49	0.417
216.20261	-24.80631	5.34	0.962
216.27636	-68.19533	5.56	0.435
216.29915	51.85074	4.04	0.497
216.32330	-13.35316	6.49	1.223
216.37147	38.39305	6.28	1.225
216.41559	-66.17292	6.36	0.128
216.44904	-26.85224	6.48	0.941
216.53427	-45.22142	4.56	-0.147
216.54505	-45.37928	4.33	0.434
216.55602	-42.31860	6.33	1.215
216.61402	19.22690	5.40	0.231
216.70781	-39.87399	6.36	-0.088
216.73014	-83.66788	4.31	1.300
216.77953	-65.82165	5.87	1.502
216.80071	-46.13425	5.83	0.311
216.85162	-6.12033	6.18	0.093
216.88143	75.69599	4.25	1.431
217.04344	-29.49164	4.97	-0.074
217.05058	-2.22796	4.81	0.693
217.06850	36.19703	6.22	1.174
217.15755	49.84485	5.58	0.864
217.17384	-6.90054	5.42	1.490
217.18124	-59.19755	6.46	0.111
217.21628	-47.99209	6.40	-0.112
217.40337	41.79591	6.36	0.702
217.40418	-76.72908	6.06	1.180
217.45696	31.79119	6.06	-0.013
217.46049	0.82893	5.96	0.159
217.53595	-45.32136	5.51	-0.087
217.58728	-49.51902	5.38	0.056
217.68912	4.77229	6.01	1.421
217.69196	63.18579	6.10	0.428
217.73591	-40.84512	6.39	1.441
217.79517	-38.86971	5.99	1.060
217.81851	-67.71720	5.84	1.006
217.92838	60.22564	6.26	0.243
217.95746	30.37144	3.57	1.298
218.01947	38.30825	3.04	0.191
218.08428	26.67728	6.00	0.230
218.12890	55.39801	5.74	1.529
218.13559	22.26006	5.91	0.391
218.15440	-50.45716	4.44	-0.177
218.29021	-30.71507	6.07	1.030
218.33446	36.95902	6.39	0.521
218.37486	-52.67952	5.86	1.085
218.38490	-54.99863	5.86	0.482
218.40956	79.66043	6.27	1.315
218.54878	32.53448	6.32	0.450
218.56639	57.06526	6.46	0.526
218.66042	36.62606	6.02	1.379
218.66509	49.36835	5.74	1.560
218.67007	29.74513	4.47	0.364
218.71137	-20.43938	6.49	0.139
218.82102	-60.01564	6.39	1.256
218.87677	-42.15782	2.33	-0.157
218.88117	-41.51744	5.88	-0.085
219.02864	23.25036	6.39	1.063
219.07929	-46.24545	5.55	1.489
219.10043	-39.59741	6.13	1.048
219.18389	-40.21158	5.74	-0.112
219.24907	-12.30535	6.20	0.464
219.30174	-53.06079	6.49	1.447
219.33397	-46.13344	5.39	0.927
219.36862	2.27724	6.45	0.560
219.44273	-67.93201	6.03	0.506
219.47178	-49.42583	4.05	-0.152
219.55245	43.64213	5.74	1.481
219.55828	18.29838	5.90	1.099
219.56343	54.02334	5.83	0.007
219.58070	-38.79418	6.04	1.422
219.70927	44.40450	5.39	0.030
219.79519	-46.58448	6.06	0.508
219.85198	-49.05532	6.37	0.440
219.89617	-60.83716	1.35	0.900
219.90207	-60.83397	-0.01	0.710
220.09114	21.97587	6.13	0.434
220.13650	-56.44076	6.30	1.173
220.17664	13.53433	5.93	0.238
220.18153	16.41832	4.49	-0.002
220.25579	-36.13486	5.67	-0.081
220.28730	13.72830	3.78	0.044
220.41146	8.16176	4.86	0.992
220.43134	11.66066	5.55	0.941
220.46349	-30.93316	6.38	-0.083
220.47597	21.12355	6.40	0.928
220.48232	-47.38820	2.30	-0.154
220.48325	-58.61583	6.21	0.454
220.48996	-37.79350	4.01	-0.157
220.49878	-77.01145	6.34	-0.027
220.51354	61.26192	6.24	0.409
220.62675	-64.97514	3.18	0.256
220.76510	-5.65821	3.87	0.385
220.80647	-24.99775	5.70	0.006
220.85568	26.52785	4.80	1.672
220.86725	-62.96667	6.39	-0.086
220.91433	-35.17366	4.06	1.356
220.93514	40.45925	5.72	1.398
221.23114	-58.47749	6.10	1.013
221.24668	-35.19183	4.92	0.013
221.24674	27.07422	2.35	0.966
221.29566	-55.60164	6.10	-0.066
221.29878	-1.41753	6.06	1.608
221.30713	32.78835	6.27	1.610
221.31025	16.96428	4.60	0.972
221.32224	-62.87565	5.36	0.308
221.32845	-51.31493	6.44	1.591
221.33575	18.88496	6.15	0.841
221.37586	0.71727	5.68	-0.021
221.49065	-15.45954	6.33	1.194
221.50033	-25.44318	5.15	0.315
221.52477	15.13179	5.78	1.335
221.52820	-23.15302	5.80	0.980
221.54534	-21.17597	6.43	0.603
221.56218	1.89289	3.73	-0.005
221.62081	-47.44112	5.74	0.066
221.75539	-52.38352	5.22	0.984
221.77124	-38.29064	5.90	1.336
221.80244	-52.20526	6.07	0.084
221.80687	-21.32487	6.05	1.649
221.84398	-25.62427	5.61	-0.043
221.88373	-43.55681	6.30	1.068
221.93669	-26.08750	5.23	0.938
221.96545	-79.04475	3.83	1.433
221.97896	-12.84001	6.34	1.097
221.98982	-26.64615	5.76	-0.007
222.09727	24.36688	6.15	0.506
222.15853	-36.63470	5.89	1.369
222.18563	-66.59356	5.91	-0.106
222.22539	-0.84765	6.15	-0.025
222.27810	37.81118	6.15	0.389
222.27940	-56.66783	6.21	1.107
222.32779	46.11621	5.76	0.482
222.32810	-24.25147	5.68	1.275
222.32938	-14.14902	5.32	0.066
222.38492	51.37450	6.49	0.401
222.42206	48.72080	5.68	0.501
222.49333	28.61583	5.80	0.046
222.56588	23.91184	5.86	0.576
222.57212	-27.96037	4.42	1.366
222.58509	82.51194	5.63	0.671
222.62353	37.27205	5.47	1.030
222.67159	-15.99724	5.15	0.401
222.67636	74.15550	2.07	1.465
222.71964	-16.04178	2.75	0.147
222.75040	-0.25749	6.18	1.397
222.75446	-2.29915	4.93	0.988
222.84741	19.10046	4.54	0.720
222.86015	59.29399	5.48	1.369
222.87515	-77.17597	6.44	-0.024
222.90960	-43.57536	4.32	-0.154
222.96377	-18.35532	6.27	1.094
223.13792	-30.57725	6.30	0.605
223.14690	-63.80983	5.91	0.660
223.21281	-37.80316	5.02	-0.155
223.30656	-73.19007	5.59	0.820
223.34728	15.70517	6.41	0.569
223.34903	19.15280	6.00	0.841
223.58387	-24.64220	5.27	1.336
223.59530	-11.89835	5.78	0.982
223.65798	-33.30057	5.85	1.429
223.67742	-65.99110	6.09	-0.061
223.72515	-69.86096	6.38	-0.059
223.89400	-60.11416	5.18	1.161
223.93628	-33.85578	5.32	0.046
223.99414	32.30006	6.12	0.109
224.05513	14.44627	5.90	-0.031
224.07188	-52.80955	5.38	0.142
224.09600	49.62845	5.63	0.533
224.12861	-32.63678	6.06	1.413
224.13356	-47.87920	5.62	-0.035
224.14895	-39.41602	6.36	0.061
224.15974	-62.36442	6.39	-0.055
224.18328	-62.78102	5.08	-0.023
224.19213	-11.40970	5.48	1.491
224.29583	-4.34646	4.47	0.318
224.29866	16.38813	5.72	0.951
224.30712	-29.15768	6.28	-0.011
224.36667	-21.41548	5.72	1.024
224.38855	-0.16761	5.51	1.131
224.39586	65.93246	4.63	1.590
224.47077	-76.66266	5.37	1.442
224.53667	-48.86301	6.34	0.708
224.63303	-43.13396	2.68	-0.184
224.65220	-39.90717	6.17	1.216
224.66356	-27.65731	5.65	0.262
224.71993	-4.98926	6.08	0.509
224.72325	-11.14401	5.88	1.274
224.79035	-42.10419	3.13	-0.208
224.80802	-37.88123	6.45	-0.080
224.84631	4.56776	5.91	1.615
224.86331	-43.15983	6.10	0.597
224.90395	39.26533	5.64	0.336
224.98233	-75.03267	6.20	-0.038
225.04710	-77.16055	5.92	1.052
225.16133	47.27744	6.35	-0.099
225.21782	22.04559	6.29	1.179
225.24312	-8.51894	4.91	0.000
225.30457	-38.05840	5.88	1.246
225.33261	-2.75493	5.52	1.692
225.36289	60.20445	5.91	0.107
225.45383	-0.14030	5.71	1.509
225.46165	-83.22765	5.65	0.962
225.48651	40.39057	3.49	0.956
225.49201	-34.35887	6.21	0.242
225.52681	-28.06061	5.83	0.164
225.52712	25.00814	4.80	1.506
225.53572	-7.57530	6.38	0.180
225.72516	2.09130	4.39	1.026
225.74698	-32.64329	5.45	-0.127
225.77523	35.20580	5.52	1.023
225.94710	47.65406	4.83	0.647
225.99069	65.91971	6.22	0.055
226.01756	-25.28196	3.25	1.674
226.11142	26.94765	4.52	1.240
226.17874	-40.86133	6.29	1.389
226.19551	-83.03831	5.65	1.273
226.20078	-64.03135	5.16	0.935
226.27952	-47.05125	3.91	-0.144
226.32986	-41.06724	5.13	1.011
226.35764	48.15097	5.59	-0.005
226.39127	-30.55086	6.48	0.489
226.51006	-48.88339	6.48	-0.137
226.55805	-36.26460	6.27	1.658
226.56965	54.55632	5.24	0.958
226.61309	-22.03183	6.13	1.040
226.63832	-30.91848	5.97	-0.076
226.64644	36.45606	6.35	0.537
226.65665	-16.25682	5.19	1.589
226.70442	-16.48436	6.41	0.162
226.73321	-52.02978	6.40	-0.109
226.82527	24.86920	4.93	0.429
226.83487	18.44183	6.03	0.073
226.85814	-49.08861	5.77	0.920
226.91801	5.49804	6.16	0.921
226.98396	-61.12867	6.49	0.432
226.98651	-65.27545	6.18	1.470
227.05052	-40.58393	5.75	-0.113
227.08141	50.05495	6.33	1.050
227.09909	26.30115	5.67	1.240
227.14818	25.10864	5.82	1.233
227.16332	-42.86792	5.85	-0.123
227.21090	-45.27986	4.07	-0.162
227.22297	13.23524	6.16	0.967
227.35634	-63.64293	6.25	0.059
227.37464	-67.08413	5.76	0.675
227.53052	-38.79251	5.98	0.867
227.57763	-26.33262	5.75	1.045
227.68512	67.78103	6.18	0.143
227.68643	-61.42232	6.29	0.623
227.78673	-84.78781	5.88	-0.031
227.81658	-55.34603	5.45	1.118
227.89501	-45.27746	6.44	1.039
227.98365	-48.73782	3.88	-0.029
227.99033	-48.74369	5.70	0.144
228.01776	18.97603	5.90	1.414
228.05005	-19.10648	6.49	1.507
228.05538	-19.79171	4.54	-0.071
228.07123	-52.09925	3.41	0.918
228.13002	-48.21899	6.32	1.115
228.14158	-72.77060	6.02	-0.002
228.20662	-44.50041	4.83	-0.177
228.25426	-61.74378	6.27	1.901
228.28192	-36.09143	6.09	-0.081
228.32255	-24.00832	6.47	-0.026
228.32995	-19.64757	6.07	0.124
228.36945	-25.30935	6.47	0.691
228.38279	22.98340	6.31	0.064
228.39826	38.26470	6.19	1.218
228.47214	-26.19357	5.84	1.139
228.49660	-61.34298	6.36	-0.041
228.52518	31.78784	5.98	1.552
228.54296	42.17141	6.12	1.635
228.57990	-70.07948	5.75	3.271
228.62149	29.16429	5.28	0.062
228.64066	-17.76857	6.18	-0.015
228.65550	-31.51912	4.91	0.374
228.65975	67.34672	5.15	0.550
228.71082	-5.50255	6.28	1.473
228.79730	4.93936	5.32	1.092
228.87568	33.31483	3.46	0.961
228.95449	0.37214	5.62	0.181
228.96127	50.93846	6.47	0.854
228.97319	6.46484	6.47	1.308
228.97361	-48.07366	5.96	0.210
229.01676	-41.49116	5.15	0.564
229.04359	-43.48500	6.05	-0.128
229.09588	-22.39942	5.52	1.357
229.15289	-60.90400	5.74	-0.057
229.21579	-47.86454	6.46	0.927
229.22902	-46.20236	6.44	0.514
229.23707	-60.95725	5.04	-0.077
229.25173	-9.38292	2.61	-0.071
229.27454	71.82390	5.02	1.369
229.37854	-58.80121	4.07	0.088
229.41204	-63.61047	4.85	1.260
229.45766	-30.14867	4.35	1.100
229.53924	-41.06116	6.30	0.176
229.60210	20.57278	5.68	0.972
229.60886	-0.46123	5.88	1.507
229.63342	-47.87527	4.27	-0.086
229.67209	-31.20935	6.18	1.205
229.70476	-60.49633	5.43	-0.089
229.72743	-68.67955	2.87	0.014
229.73489	-40.78822	5.59	-0.099
229.82832	1.76541	5.04	0.540
229.87520	32.51490	6.33	0.234
229.88217	-37.09716	6.19	0.959
230.02146	51.95851	5.65	0.122
230.03566	29.61621	5.51	1.015
230.16896	-67.48153	6.27	-0.090
230.17367	44.43438	6.14	0.369
230.18215	71.83402	3.00	0.058
230.19592	-2.41333	6.34	1.062
230.22366	-18.15866	6.16	1.024
230.25574	-15.54834	6.14	0.393
230.25832	0.71534	5.35	1.191
230.27867	24.95802	6.36	1.257
230.28171	-5.82485	5.54	1.047
230.34301	-40.64752	3.22	-0.227
230.39709	-40.74948	6.21	0.068
230.45154	-36.26138	3.57	1.534
230.45240	32.93369	5.38	-0.051
230.45063	-48.31763	5.65	0.639
230.53446	-47.92779	4.99	0.515
230.59683	12.56752	6.29	-0.008
230.65524	62.04708	5.99	-0.033
230.65572	39.58146	5.56	1.626
230.66006	63.34144	5.72	1.315
230.67030	-44.68962	3.37	-0.191
230.75743	-15.13404	6.46	1.603
230.78896	-36.85849	4.54	-0.155
230.79377	-60.65718	5.65	0.489
230.80130	30.28781	4.99	0.577
230.84436	-59.32079	4.48	0.169
230.85408	-46.14042	6.49	0.945
230.93213	-1.02238	6.11	0.264
230.96766	-12.36950	5.72	1.039
231.02132	45.27103	6.07	1.212
231.04954	-10.32227	4.92	0.453
231.12262	37.37717	4.31	0.309
231.18754	-39.71027	5.36	-0.093
231.23239	58.96607	3.29	1.166
231.33424	-38.73362	4.60	0.000
231.44749	15.42804	5.16	1.650
231.47196	19.48071	6.26	0.618
231.56134	-68.30917	5.89	1.000
231.57243	34.33600	5.46	1.410
231.63413	54.02029	6.44	0.079
231.82554	-36.76756	5.46	-0.150
231.88785	-64.53150	5.71	1.646
231.91197	25.10163	6.01	1.654
231.95721	29.10570	3.66	0.319
231.96426	60.67022	5.90	1.441
232.06420	-16.71648	5.64	1.545
232.07956	-88.13301	6.49	0.303
232.11338	-51.59793	6.10	1.067
232.15932	1.84208	5.15	0.245
232.18497	47.20151	6.15	0.100
232.23676	55.19494	6.45	0.079
232.24442	-28.86689	6.43	0.608
232.30048	16.39562	6.38	0.955
232.33030	-38.63500	6.44	0.351
232.33789	62.09953	6.32	1.369
232.35112	-46.73270	5.26	1.731
232.58871	-41.91903	6.23	-0.005
232.59486	31.28593	6.45	0.205
232.65105	-20.72855	6.20	0.192
232.66834	-16.60946	5.82	1.056
232.70492	-71.65414	6.39	-0.112
232.73233	40.83305	5.04	1.589
232.73235	64.20869	5.74	0.976
232.84295	36.61660	6.39	0.529
232.85387	77.34935	5.00	1.545
232.87842	-73.38959	5.40	-0.146
232.93086	-20.16492	6.28	0.220
232.94576	40.89933	4.98	0.086
232.95928	-32.88111	6.49	0.065
233.01744	-38.62254	6.23	0.212
233.04031	16.05617	6.22	-0.038
233.15292	-19.67046	5.50	0.197
233.23009	-16.85284	5.53	-0.148
233.23243	31.35913	4.14	-0.127
233.24141	-1.18640	5.50	1.092
233.28965	-24.49043	6.26	0.330
233.35135	-40.49085	6.40	1.016
233.46961	17.13736	6.49	0.341
233.50711	-40.06643	5.82	1.695
233.54459	-10.06453	4.61	1.000
233.58688	-39.34921	6.36	-0.017
233.61047	-9.18342	5.16	-0.090
233.65550	-28.04698	5.13	1.306
233.67195	26.71469	2.22	0.032
233.70061	10.53887	3.80	0.268
233.78520	-41.16676	2.80	-0.216
233.81216	39.01007	5.14	1.650
233.81750	53.92214	5.97	1.184
233.88158	-14.78954	3.91	1.007
233.88846	17.65556	6.10	0.975
233.95498	38.37393	6.30	1.306
233.97187	-44.95839	4.55	-0.175
233.97237	11.26566	6.04	1.125
233.98766	54.63057	5.77	0.051
234.04735	-33.09281	6.26	-0.070
234.05042	-44.39682	5.44	1.497
234.12183	16.11908	5.93	0.354
234.12325	10.01018	5.26	0.925
234.18009	-66.31704	4.11	1.161
234.22262	29.99118	6.46	0.433
234.25604	-28.13508	3.60	1.361
234.36874	-26.27986	6.19	-0.013
234.38336	54.50873	5.85	1.098
234.41303	69.28334	5.65	1.371
234.45016	-23.14170	5.79	1.074
234.45666	40.35343	5.25	0.886
234.51336	-42.56735	4.34	1.412
234.56587	-28.20667	6.32	1.176
234.56761	46.79775	5.76	0.353
234.56784	-21.01633	5.82	1.077
234.64248	50.42328	5.84	0.847
234.66404	-29.77775	3.66	-0.177
234.66701	-8.79149	6.45	0.505
234.67575	-39.12773	6.05	0.204
234.70355	34.67504	6.12	1.039
234.70613	-52.37269	5.43	0.005
234.72733	-19.30189	5.36	0.883
234.78966	57.92443	6.45	1.102
234.82665	-77.91800	6.19	1.207
234.83904	-23.15022	6.33	0.023
234.84447	36.63581	4.64	-0.103
234.94158	-34.41193	4.66	0.964
234.98560	-59.90834	5.95	0.505
235.04311	12.05293	6.22	0.968
235.04815	-70.22788	6.45	0.077
235.06470	-31.21377	6.35	1.418
235.07040	-23.81808	4.97	1.302
235.08889	-73.44668	5.64	-0.040
235.24262	-47.73609	6.21	1.621
235.24625	16.02459	6.00	0.908
235.29741	-44.66121	4.64	0.413
235.38773	19.67040	4.51	0.062
235.44756	12.84753	5.34	0.033
235.47785	-76.08196	5.95	-0.034
235.47797	18.46404	5.80	0.207
235.48666	-19.67883	4.75	1.574
235.65512	-49.48955	6.02	1.315
235.65965	-37.42494	5.23	0.987
235.67092	-34.71041	4.75	-0.151
235.68569	26.29564	3.81	0.020
235.71150	52.36090	5.48	-0.042
235.79388	13.66767	6.48	0.873
235.82054	-84.46527	5.57	0.118
235.85358	-15.04323	6.30	1.124
235.98032	-60.28722	6.46	1.020
235.99709	32.51581	5.57	1.076
236.00758	2.51517	5.86	0.684
236.01466	77.79449	4.29	0.038
236.01833	-15.67283	5.41	0.238
236.06698	6.42563	2.63	1.167
236.09448	-41.81909	5.93	-0.007
236.17555	17.26423	6.15	0.002
236.24819	-50.78546	6.41	0.163
236.34785	5.44731	5.57	0.035
236.41462	0.89104	6.32	1.195
236.52349	-1.80419	5.39	-0.035
236.54690	15.42183	3.65	0.073
236.55355	-28.06148	6.49	0.332
236.61089	7.35307	4.42	0.604
236.64483	55.47479	5.94	1.404
236.66669	62.59956	5.19	0.062
236.68424	-34.68245	5.61	-0.117
236.68927	-6.12036	6.24	1.169
236.82216	14.11535	5.71	0.094
236.85633	-40.19421	6.41	0.880
236.87125	-37.91631	6.01	0.715
236.90803	55.37663	5.85	0.249
236.97107	-65.44229	5.54	0.231
237.00747	31.73562	6.41	1.517
237.05544	13.78908	5.98	1.272
237.14340	28.15675	5.89	0.608
237.18490	18.14156	4.09	1.616
237.21007	-52.43826	6.05	1.385
237.23666	-3.81851	5.53	0.120
237.39853	26.06839	4.59	0.794
237.40503	-3.43021	3.54	-0.036
237.48957	-48.91241	5.86	0.068
237.52952	-53.20977	5.78	-0.076
237.56797	-45.40171	6.11	0.299
237.57311	2.19651	5.21	1.019
237.70403	4.47773	3.71	0.147
237.73974	-33.62717	3.97	-0.045
237.74477	-25.75130	4.63	-0.072
237.77835	-55.05553	5.74	0.017
237.80805	35.65738	4.79	0.996
237.81497	-3.09050	5.09	0.135
237.81629	20.97792	4.74	1.534
237.88091	-47.06080	6.00	1.152
237.90999	-14.13358	6.20	1.010
238.05332	-29.88655	6.39	0.991
238.06899	55.82671	5.81	0.972
238.16892	42.45152	4.60	0.563
238.23381	17.40315	6.29	1.238
238.30041	13.19662	6.07	0.598
238.33358	-20.16704	5.04	-0.014
238.34554	-62.60658	6.22	1.467
238.39529	16.07493	6.21	0.413
238.40300	-25.32714	4.59	-0.073
238.45641	-16.72929	4.13	1.003
238.47464	-24.53316	5.38	-0.011
238.48277	-23.97809	5.41	-0.033
238.62545	-27.33864	6.15	-0.069
238.64422	20.31097	5.45	1.588
238.65771	43.13857	5.35	1.645
238.66471	-25.24374	5.87	-0.065
238.66781	8.58034	6.28	0.171
238.71931	-60.74365	6.14	0.121
238.75152	-19.38293	5.95	-0.013
238.78568	-63.43073	2.83	0.315
238.87333	-68.60300	5.11	1.108
238.87533	-26.26599	5.63	0.141
238.87723	-31.08364	6.21	1.371
238.87747	42.56619	5.73	-0.102
238.88486	-60.17765	5.78	0.355
238.91605	18.62075	6.26	-0.089
238.94828	37.94696	5.43	0.352
238.95676	58.91177	6.31	-0.028
239.02464	-60.48248	5.76	0.087
239.02849	-39.86436	6.04	0.130
239.05846	-31.78588	6.29	0.462
239.06013	-14.39940	6.32	0.485
239.11326	15.66162	3.85	0.478
239.13906	-14.82944	6.11	0.243
239.22115	-29.21407	3.87	-0.199
239.22291	-33.96613	5.14	0.129
239.22550	-33.96428	5.59	0.072
239.26607	-48.16219	6.31	0.381
239.31072	14.41448	5.54	1.141
239.33886	-36.18534	5.78	1.095
239.37427	39.69509	6.30	1.110
239.39688	26.87788	4.14	1.231
239.41860	-20.98308	5.84	0.012
239.44767	54.74976	4.96	0.269
239.54737	-14.27936	4.95	-0.080
239.62832	-37.50388	6.31	1.006
239.64528	-24.83149	5.43	-0.092
239.71297	-26.11411	2.89	-0.180
239.74047	36.64377	5.61	1.529
239.74228	-65.03759	5.74	-0.066
239.76832	49.88104	6.04	0.289
239.87611	-41.74444	4.99	0.988
239.97559	-54.02091	6.10	-0.016
239.97972	-78.02728	6.40	0.387
240.03053	-38.39671	3.42	-0.206
240.08163	-16.53335	5.47	0.517
240.08336	-22.62171	2.29	-0.117
240.19847	-8.41135	5.53	0.043
240.21306	4.42736	5.82	1.003
240.22379	-40.43548	6.21	0.010
240.26109	33.30351	5.39	0.612
240.27695	-54.57790	6.12	0.264
240.29465	-63.77654	6.42	0.567
240.30966	17.81840	5.10	0.992
240.33148	-31.88914	6.33	1.454
240.36069	29.85106	4.98	-0.050
240.47227	58.56525	4.01	0.528
240.51865	-51.12077	6.38	-0.003
240.52316	52.91592	5.93	1.498
240.57372	22.80445	4.82	0.066
240.66426	-29.13580	6.07	1.304
240.69958	46.03670	4.72	-0.094
240.71872	-62.54159	6.25	-0.015
240.78894	59.41074	6.19	1.576
240.80374	-49.22970	4.65	0.902
240.83069	36.63179	5.79	0.586
240.83593	-25.86524	4.96	1.234
240.85079	-38.60254	4.90	-0.146
240.88063	76.79394	5.73	0.051
240.88372	-57.77506	4.63	0.252
240.89316	-32.00054	6.00	0.470
240.94038	4.98683	6.07	0.960
240.97793	-24.72631	6.22	1.386
241.02582	-59.17618	6.40	1.366
241.07424	-33.21372	6.10	0.338
241.08884	-53.71038	6.46	0.006
241.15340	-37.86295	5.91	0.409
241.35929	-19.80545	2.56	-0.065
241.36064	-19.80186	4.90	-0.024
241.40808	8.09625	6.27	0.084
241.43565	-6.29113	6.35	0.413
241.48257	-72.40090	5.70	1.169
241.49922	-6.13975	6.39	1.034
241.52657	-23.60632	5.90	-0.071
241.58199	67.81013	5.44	-0.019
241.62266	-45.17319	4.73	0.230
241.64810	-36.80229	4.22	-0.184
241.70177	-20.66919	3.93	-0.046
241.76404	-14.07129	6.32	0.660
241.81755	-36.75568	5.72	0.298
241.84241	21.82261	6.15	1.365
241.85035	-56.19096	6.16	0.565
241.85136	-20.86876	4.31	0.831
241.90173	-12.74541	5.75	0.018
241.90641	9.89174	5.63	0.200
241.96620	-24.46235	6.32	-0.038
242.01886	17.04698	5.00	0.931
242.02065	17.05438	6.25	1.140
242.03161	-26.32668	5.35	1.643
242.11698	8.53431	5.69	1.575
242.15214	8.61318	6.47	1.418
242.18217	-23.68542	5.86	0.020
242.19241	44.93491	4.23	-0.045
242.19429	17.20564	6.13	-0.003
242.24291	36.49094	4.73	1.015
242.24533	3.45447	5.93	1.471
242.26204	57.93788	6.33	0.032
242.29673	6.37870	5.93	0.988
242.32729	-57.93432	5.57	-0.024
242.35822	55.82897	6.43	1.076
242.38226	-32.64901	6.18	0.790
242.46049	-3.46673	5.39	1.446
242.46912	-33.54580	5.50	-0.075
242.48030	-18.34062	6.43	0.447
242.70636	75.87756	5.48	-0.093
242.75862	-29.41622	5.09	1.131
242.82378	-41.11980	5.86	0.273
242.86974	16.66569	6.09	0.020
242.90848	23.49480	5.74	1.519
242.91500	33.34276	6.30	1.228
242.94833	42.37457	5.89	1.464
242.95023	36.42509	5.62	1.352
242.99889	-19.46071	4.00	0.076
242.99995	-10.06425	4.93	0.087
243.02727	39.05552	6.39	1.262
243.03048	-8.54758	5.43	0.118
243.06683	-28.41731	5.67	0.012
243.07585	-27.92637	4.58	-0.172
243.10567	67.14418	6.21	0.993
243.13374	75.21068	6.36	1.283
243.18946	26.67058	6.48	0.391
243.23576	-4.22081	6.26	0.133
243.31429	5.02109	5.46	1.472
243.32071	-53.67117	6.03	1.965
243.34457	-55.54095	5.78	0.365
243.36970	-54.63047	4.95	1.017
243.41082	-1.47513	6.45	0.997
243.43957	-24.42209	6.40	0.043
243.46210	-11.83775	5.24	1.394
243.55670	5.90185	6.30	1.148
243.58641	-3.69432	2.73	1.584
243.59319	-33.01109	5.91	1.021
243.62035	-21.10764	6.41	0.002
243.63935	73.39489	6.02	0.063
243.66352	-18.53565	6.32	1.085
243.67022	33.85861	5.23	0.599
243.72262	-25.47698	6.06	0.027
243.81382	-47.37202	5.13	-0.114
243.84982	-42.89942	6.14	1.114
243.85946	-63.68568	3.86	1.105
243.86931	18.80809	5.72	1.126
243.90529	-8.36944	5.49	0.652
243.94718	27.42208	6.14	1.334
243.95749	-57.91235	5.61	0.137
243.96456	-14.84912	6.09	0.098
244.18033	-53.81111	5.45	1.696
244.18661	29.15026	5.80	0.063
244.23042	-3.95335	6.18	0.326
244.24554	-53.69623	6.40	0.793
244.24666	-20.10409	6.40	1.270
244.25389	-50.06812	4.97	0.788
244.27255	-67.94129	5.95	0.159
244.31394	59.75502	5.37	1.551
244.33715	-53.08639	6.30	0.273
244.37620	75.75533	4.95	0.393
244.54070	68.55454	6.39	1.343
244.57458	-28.61402	4.80	0.008
244.58037	-4.69251	3.23	0.966
244.75175	-14.87283	5.97	1.475
244.78217	-20.21807	6.29	1.066
244.79672	49.03816	5.93	1.369
244.82352	-42.67397	5.44	0.099
244.88641	-30.90672	5.53	0.466
244.93515	46.31337	3.91	-0.151
244.96009	-50.15551	4.01	1.080
244.97976	39.70858	5.48	0.410
245.01782	21.13261	6.04	0.938
245.08669	-78.69575	4.68	1.680
245.10521	-55.13971	5.76	0.970
245.11191	-78.66750	5.27	1.413
245.13590	-39.43034	6.11	-0.079
245.15909	-24.16932	4.55	0.758
245.29715	-25.59280	2.90	0.299
245.45296	69.10939	5.26	1.115
245.48006	19.15313	3.74	0.299
245.51812	1.02904	4.82	0.338
245.52427	30.89200	4.86	0.970
245.58927	33.79905	5.20	1.631
245.61665	-49.57235	5.32	-0.047
245.62111	-43.91205	5.89	1.121
245.62174	33.70348	5.40	1.523
245.66211	-2.07987	6.24	0.058
245.73541	32.33301	6.41	0.083
245.94647	61.69646	5.67	0.956
245.98632	-33.19940	6.45	0.013
245.99786	61.51421	2.73	0.910
246.00537	-39.19298	5.37	0.625
246.02577	-20.03733	4.48	0.996
246.04512	6.94821	5.83	0.018
246.10558	55.20510	5.75	0.001
246.13231	-37.56604	5.42	-0.104
246.16572	-29.70466	5.40	0.625
246.22565	-45.34950	6.32	0.187
246.34219	-63.12522	6.14	0.029
246.35070	37.39408	5.53	0.174
246.35397	14.03327	4.57	0.002
246.39632	-23.44718	4.57	0.227
246.42993	78.96385	5.55	0.249
246.54744	11.40749	6.11	1.065
246.70865	2.34794	6.06	0.919
246.75598	-18.45625	4.22	0.217
246.79598	-47.55479	4.46	-0.070
246.88446	2.87063	6.35	1.638
246.93107	-7.59793	5.24	1.721
246.95078	-8.37173	4.62	0.185
246.98893	-64.05794	5.28	0.383
246.99589	68.76814	4.94	-0.051
247.06029	-37.17988	5.79	1.104
247.06316	-58.59980	5.67	0.008
247.08807	67.04400	6.45	1.517
247.11726	-70.08440	4.90	0.555
247.14159	0.66500	5.41	1.461
247.16062	41.88168	4.83	1.289
247.17632	0.05486	6.46	1.378
247.18102	51.40774	6.31	1.052
247.20398	-8.12884	6.49	0.410
247.35192	-26.43200	1.06	1.865
247.42636	-46.24323	5.35	0.488
247.43842	-57.75632	6.09	1.459
247.44551	-14.55088	5.66	0.823
247.52515	48.96109	6.44	0.026
247.55198	-25.11522	4.79	-0.116
247.55500	21.48961	2.78	0.947
247.62507	-7.51445	6.46	0.371
247.63979	20.47919	5.24	1.274
247.66167	77.44651	6.35	0.995
247.70566	-61.63350	5.19	1.236
247.72843	1.98392	3.82	0.022
247.76160	35.22507	6.25	1.640
247.78487	-16.61273	4.29	0.924
247.80596	22.19546	5.76	1.605
247.84521	-26.53764	6.07	1.085
247.84556	-34.70437	4.24	-0.168
247.86762	72.61234	6.27	1.291
247.92404	-41.81714	5.31	0.299
247.94678	45.59828	5.61	0.125
248.03416	-21.46639	4.45	0.130
248.10700	60.82332	5.92	0.039
248.14869	5.52122	5.63	-0.044
248.15122	11.48804	4.84	1.495
248.36285	-78.89715	3.86	0.923
248.52092	-44.04531	4.86	0.045
248.52576	42.43704	4.20	-0.013
248.58058	-70.98810	5.50	1.235
248.78228	-45.24437	6.43	1.346
248.85953	17.05734	6.42	0.062
248.93674	-65.49540	5.50	0.949
248.97064	-28.21602	2.82	-0.206
249.04668	46.61333	5.83	1.044
249.04758	52.90005	5.53	-0.060
249.05717	52.92442	5.07	-0.027
249.08937	-2.32458	5.77	0.827
249.09363	-35.25533	4.18	1.535
249.09401	-42.85886	5.46	0.338
249.17892	15.49746	6.36	-0.055
249.22914	63.07282	6.17	1.527
249.28974	-10.56709	2.54	0.038
249.39066	5.27753	6.48	1.150
249.45005	13.68703	6.30	0.433
249.46973	78.91867	6.33	1.141
249.50194	56.01554	5.28	1.055
249.50648	-6.53801	6.05	0.165
249.60955	-43.39843	5.83	-0.053
249.68686	48.92834	4.86	1.562
249.69886	-8.61861	6.44	1.806
249.71960	-60.99040	6.16	-0.073
249.77178	-37.21737	5.93	-0.035
249.91304	-9.55459	6.33	0.492
250.14382	-20.40865	6.25	1.077
250.16120	4.21979	5.77	-0.004
250.18500	-51.47826	6.30	0.321
250.21035	-60.44644	6.17	0.488
250.21392	12.39504	6.08	0.046
250.22966	64.58905	4.84	1.212
250.23504	-8.30963	6.47	1.147
250.25242	24.85870	6.07	1.316
250.29810	-1.00031	6.25	0.313
250.31972	1.24544	6.40	1.019
250.32150	31.60273	2.81	0.650
250.33506	-48.76296	5.57	0.169
250.34628	-68.29612	5.89	-0.078
250.39326	-17.74217	4.91	1.095
250.40074	-24.46796	6.07	0.214
250.40291	26.91688	5.92	0.402
250.41760	-49.65155	5.62	-0.043
250.42701	1.18123	5.74	0.336
250.43939	-33.14576	5.84	0.653
250.47371	-19.92438	5.55	0.436
250.61588	49.93644	6.48	0.541
250.62121	-37.07935	6.47	0.776
250.70174	-62.55393	6.23	1.524
250.72402	38.92225	3.48	0.916
250.74358	55.69012	6.18	0.088
250.76486	-46.07029	6.22	0.821
250.76940	-77.51743	4.23	1.060
250.77620	77.51397	5.99	0.430
250.84224	-67.43239	6.02	0.037
250.91135	-32.10594	6.46	-0.076
250.94033	-41.11920	6.21	0.143
250.94832	-38.15635	6.05	-0.054
250.96537	34.03880	6.02	0.321
250.97532	-41.11334	6.14	-0.078
251.16560	-53.15231	5.96	1.230
251.17747	-40.83968	5.64	-0.093
251.25079	-28.50966	5.99	0.103
251.29915	43.21717	6.07	1.415
251.32424	56.78186	4.84	0.375
251.34383	15.74529	5.60	1.637
251.37364	1.02016	6.02	-0.012
251.45788	8.58262	5.15	1.535
251.49268	82.03726	4.21	0.897
251.52655	-46.53200	6.47	0.087
251.58844	-58.50359	5.74	-0.101
251.66663	-67.10969	5.10	-0.080
251.69983	-39.37696	5.48	0.975
251.79064	2.06453	6.07	0.140
251.83191	-58.34144	5.55	-0.096
251.83228	42.23892	5.86	1.504
251.94341	5.24675	5.22	-0.001
252.03701	13.59030	6.38	0.877
252.11239	-14.90942	6.03	0.192
252.16623	-69.02772	1.91	1.447
252.30924	45.98332	4.82	0.087
252.36529	-15.66797	6.18	0.234
252.39440	13.26114	5.91	0.015
252.41902	43.43044	6.18	1.257
252.44648	-59.04138	3.77	1.562
252.45845	-10.78300	4.64	0.478
252.54089	-34.29323	2.29	1.144
252.58075	7.24768	5.48	0.108
252.59271	-2.65436	6.32	0.401
252.65034	-50.04495	6.45	0.325
252.65039	41.89650	6.29	1.086
252.66233	29.80654	5.73	1.626
252.67979	32.55367	6.16	1.014
252.75014	-37.51451	6.10	0.124
252.85387	1.21595	5.51	0.055
252.89051	-41.23053	5.23	0.047
252.93859	24.65643	5.03	1.246
252.96763	-38.04738	3.00	-0.200
252.97451	-65.37546	6.12	-0.028
253.07376	-67.68163	6.33	1.289
253.08020	-41.85451	6.36	0.264
253.08393	-38.01754	3.56	-0.210
253.11423	-40.72315	6.35	-0.141
253.24191	31.70167	5.34	0.319
253.32315	47.41673	5.99	1.325
253.35509	-20.41555	5.86	0.685
253.42677	-43.05097	5.95	1.643
253.49522	-41.99433	6.28	0.462
253.49886	-42.36202	4.70	0.444
253.50150	-57.90951	5.91	1.592
253.50196	10.16536	4.39	-0.088
253.50765	-41.80639	5.46	0.176
253.54193	-41.82504	6.07	0.126
253.54419	-1.61230	6.25	0.283
253.61226	-42.47889	5.84	0.626
253.63148	-49.71080	6.49	1.466
253.64586	-42.36131	3.62	1.393
253.64872	-6.15398	5.23	1.100
253.64983	-30.58734	6.34	0.214
253.72988	20.95849	5.39	0.966
253.74377	-41.15086	5.78	0.132
253.75901	25.73068	6.06	0.921
253.76387	-42.09083	6.30	0.396
253.81663	13.61991	6.35	0.339
253.84236	18.43321	5.35	1.407
253.85287	-63.26966	5.99	0.059
253.99063	-33.50687	6.29	1.747
254.00704	65.13480	4.88	0.481
254.00768	-16.80626	6.33	0.952
254.03684	-50.67479	6.30	-0.016
254.06973	73.12787	6.29	0.259
254.10528	65.03912	6.40	0.383
254.11987	-52.28375	5.94	-0.069
254.14991	-40.82345	6.18	0.228
254.20015	-23.15035	5.57	-0.018
254.25437	-71.11164	6.46	0.260
254.26658	-19.53986	6.27	0.084
254.29657	-33.25949	5.48	1.606
254.35834	-10.96337	6.15	1.000
254.37936	25.35284	6.27	0.909
254.38350	13.88411	6.38	0.930
254.41707	9.37503	3.19	1.160
254.42628	24.38126	6.35	1.089
254.45907	42.51245	6.36	1.280
254.57475	-50.64118	5.53	0.016
254.65505	-55.99014	3.12	1.552
254.67317	-14.86967	6.48	0.391
254.71776	-37.62051	6.05	0.179
254.76072	69.18625	6.41	0.725
254.83964	56.68859	6.04	1.165
254.89150	-69.26816	5.79	-0.103
254.89603	-53.16044	4.06	1.452
254.99044	-25.09220	5.88	1.607
255.02616	-54.59718	5.64	0.194
255.03963	-24.98907	5.74	0.407
255.07239	30.92640	3.92	-0.018
255.11233	-48.64776	5.98	0.883
255.15412	-35.93413	5.95	1.161
255.24223	22.63210	5.69	1.332
255.24382	-86.36430	6.05	0.043
255.26501	-4.22264	4.82	1.483
255.27927	-56.55508	6.40	0.100
255.32052	60.64875	6.16	1.006
255.38771	14.94972	6.27	0.031
255.40150	33.56827	5.27	0.028
255.41714	75.29750	6.17	0.306
255.44313	-51.13103	6.43	0.279
255.44745	-58.95824	6.26	-0.124
255.46356	-18.88554	6.28	1.351
255.46934	-32.14352	5.03	-0.100
255.49573	8.45067	6.33	0.091
255.56562	64.60074	6.11	0.960
255.57129	31.88412	6.41	1.134
255.57790	25.50562	5.76	1.018
255.78280	14.09195	4.97	1.600
255.78629	-53.23703	5.27	0.498
255.87590	35.41405	6.19	1.467
255.91376	13.60535	5.91	0.010
255.92368	-47.16057	6.07	0.072
255.96226	-38.15257	5.91	0.409
255.96941	19.69051	6.35	1.518
255.97324	34.79022	6.08	0.200
255.98655	-37.84414	6.48	0.263
255.99184	13.56742	6.06	1.050
256.10301	-57.71217	5.73	-0.097
256.14038	-68.27869	6.47	1.570
256.17228	19.59911	6.19	0.010
256.18886	-20.49470	6.29	-0.035
256.20564	-34.12293	4.83	0.257
256.20738	48.80396	6.11	1.091
256.27060	43.81224	6.45	0.099
256.27237	-45.50213	6.28	0.074
256.32008	0.70256	6.00	0.578
256.33382	54.47004	4.91	0.471
256.34454	12.74083	4.89	0.125
256.38441	-0.89207	5.63	0.104
256.45198	-44.10504	6.18	0.281
256.54019	9.73387	6.38	1.458
256.54917	-21.56458	6.29	0.128
256.55437	10.45388	6.38	0.896
256.57520	22.08415	5.56	1.299
256.58412	-37.22759	5.98	0.076
256.61821	-35.45105	6.15	0.438
256.72066	-1.65619	6.34	0.209
256.72177	-26.51302	6.26	-0.038
256.94450	40.51605	6.34	0.032
257.00289	31.20619	6.44	1.285
257.00860	35.93517	5.41	0.309
257.05687	-1.07948	6.06	0.074
257.06190	-17.60905	5.98	1.011
257.07115	50.84227	6.46	-0.017
257.19665	65.71468	3.17	-0.120
257.19807	-30.40373	5.93	0.276
257.22716	-3.88299	6.35	0.697
257.38853	40.77703	5.07	1.275
257.44979	-10.52330	5.43	0.465
257.52615	-61.67546	6.37	-0.049
257.59453	-15.72491	2.43	0.059
257.62763	52.40877	6.30	-0.025
257.67635	-44.55772	5.06	0.867
257.76318	24.23769	6.20	0.227
257.91117	-48.87340	5.94	1.786
257.91780	49.74636	6.12	0.185
257.93850	7.89476	6.34	1.040
258.03831	-43.23919	3.32	0.441
258.06752	-39.50695	5.66	0.042
258.06902	-38.82253	6.30	1.050
258.08306	-70.72108	6.21	1.062
258.10442	-27.76212	6.12	-0.048
258.11587	10.58517	5.32	1.593
258.13575	62.87434	5.54	0.216
258.24399	-32.43833	5.95	0.071
258.32449	-67.19659	5.87	1.070
258.55587	-56.88853	6.08	1.728
258.61523	-39.76665	6.42	2.282
258.66191	14.39033	2.78	1.164
258.75796	24.83920	3.12	0.080
258.76181	36.80916	3.16	1.437
258.83020	-33.54842	5.60	-0.056
258.83452	-14.58414	5.98	1.096
258.83741	-26.60283	4.33	0.855
258.89980	-38.59390	5.95	0.580
258.92279	23.74276	5.99	1.335
258.96396	-30.21073	6.20	-0.027
259.05568	-26.54615	6.33	1.144
259.05942	2.18620	6.17	0.235
259.09001	-35.75030	6.09	0.479
259.12250	60.67061	6.32	1.090
259.13215	1.21055	5.89	0.023
259.14853	-74.53301	6.24	-0.004
259.15286	-0.44530	4.72	1.119
259.17812	-6.24498	6.08	1.100
259.23525	89.03771	6.31	1.575
259.26519	-32.66284	5.53	0.514
259.27309	-44.77860	6.46	0.187
259.33153	33.10010	4.80	-0.166
259.39939	23.09063	6.25	1.544
259.41773	37.29150	4.64	0.043
259.50283	-24.28690	5.14	1.046
259.52058	17.31789	6.00	0.015
259.58030	-16.31188	6.28	1.691
259.58546	-32.55311	6.36	0.109
259.59696	38.81139	5.97	1.011
259.65413	10.86448	5.03	1.539
259.69929	-44.12975	5.76	-0.049
259.70220	28.82297	5.68	0.981
259.73824	-34.98979	5.91	1.082
259.76597	-46.63623	5.47	0.764
259.80212	-59.69461	5.93	1.389
259.87715	-50.06376	6.27	0.413
259.90463	80.13640	5.74	1.499
259.94376	2.13954	6.43	1.487
259.97229	-17.75654	6.03	0.040
259.99814	-5.91751	6.31	0.850
260.04098	25.53760	5.36	0.063
260.07863	18.05708	5.01	1.654
260.08801	46.24078	5.51	1.586
260.14074	48.18879	6.36	0.427
260.16486	32.46774	5.38	0.619
260.20692	-12.84688	4.32	0.037
260.21929	-10.69641	6.46	0.326
260.22586	24.49944	5.13	0.000
260.25156	-21.11293	4.39	0.394
260.38016	28.75810	6.37	0.724
260.38934	16.73123	6.35	1.608
260.42317	-24.90610	6.36	1.399
260.43174	39.97465	5.55	0.667
260.43904	53.42043	5.69	1.463
260.49782	-67.77067	4.76	1.194
260.50241	-24.99955	3.27	-0.186
260.52448	-70.12321	5.39	-0.042
260.65820	-35.91070	6.42	0.541
260.66340	-37.80464	6.33	0.682
260.71370	-2.38818	6.28	0.680
260.72812	-37.22079	5.91	1.075
260.73009	-58.01033	5.86	1.075
260.77967	-56.52555	5.76	0.994
260.81698	-47.46820	5.21	-0.097
260.83996	-28.14283	5.30	1.549
260.92060	37.14595	4.15	-0.011
260.99007	8.85257	5.77	1.251
261.00449	-62.86415	5.69	-0.147
261.00939	38.58278	6.48	0.716
261.02745	22.96029	5.70	0.229
261.05453	-44.16258	5.10	-0.052
261.07832	-60.67380	5.76	-0.067
261.11298	36.95193	6.25	0.884
261.13140	16.30101	5.75	0.074
261.14083	15.60605	6.34	-0.017
261.15433	-18.44576	6.34	0.046
261.17513	-21.44148	5.82	0.939
261.25041	67.30670	6.44	0.759
261.26111	-34.69606	6.14	0.046
261.27600	-24.24368	6.17	1.103
261.32495	-55.52988	2.84	1.479
261.34858	-56.37773	3.31	-0.150
261.35023	52.79068	6.46	0.619
261.42231	60.04840	5.65	0.024
261.47652	16.91758	6.09	1.528
261.49115	-1.65178	6.44	0.457
261.50018	-50.63351	5.19	1.055
261.50362	26.87873	6.38	0.124
261.52015	58.65190	6.49	0.139
261.57921	7.59565	6.01	0.592
261.59257	-24.17531	4.16	0.283
261.62867	4.14036	4.34	1.480
261.65784	-5.08660	4.53	0.385
261.68434	48.26006	5.83	0.121
261.69227	34.69580	5.94	-0.017
261.70470	20.08098	5.52	-0.119
261.71658	-45.84303	5.28	-0.058
261.73041	-25.94346	6.42	-0.055
261.73483	-51.94882	6.17	-0.039
261.75895	-12.51249	6.20	0.517
261.79117	-15.85336	6.48	1.146
261.80193	-50.63037	5.90	0.063
261.83864	-29.86703	4.28	0.402
261.90647	-29.72457	5.98	0.010
261.93365	8.44204	6.42	1.660
261.99000	-52.29717	5.72	1.169
262.00974	-8.20837	6.37	0.570
262.03277	-63.03624	6.22	-0.073
262.16214	-55.16969	5.93	1.113
262.20690	0.33063	5.41	0.237
262.23370	-36.77828	5.98	1.112
262.25359	-43.97392	6.30	-0.010
262.35673	-38.51692	6.38	0.091
262.44728	-5.91948	6.36	0.930
262.59439	11.92402	6.47	0.056
262.59916	-1.06292	5.31	0.715
262.60818	52.30139	2.79	0.954
262.66754	38.88220	6.43	0.510
262.68156	57.87682	6.22	1.397
262.68462	26.11065	4.41	1.434
262.69098	-37.29581	2.70	-0.179
262.69829	86.96805	5.78	0.239
262.73072	31.15814	5.63	0.960
262.77464	-60.68385	3.60	-0.104
262.83889	2.72451	5.57	0.844
262.84701	-56.92096	5.99	-0.045
262.85397	-23.96264	4.78	0.016
262.86444	-80.85913	5.83	1.617
262.93489	-26.26971	6.05	-0.065
262.94733	-33.70316	6.43	1.191
262.95458	-46.03678	6.04	0.805
262.95658	28.40750	5.66	-0.001
262.96039	-49.87614	2.84	-0.136
262.99112	68.13502	5.07	1.077
263.04404	55.18424	4.89	0.251
263.05417	86.58646	4.35	0.021
263.06200	11.93005	6.42	-0.013
263.06677	55.17296	4.86	0.279
263.10261	-34.27940	6.16	0.360
263.28024	41.24345	5.72	1.089
263.28079	-41.17307	5.84	0.041
263.34510	19.25668	5.65	0.505
263.37435	-5.74480	5.61	0.187
263.38170	57.55872	6.15	0.602
263.40217	-37.10382	1.62	-0.231
263.41412	16.31755	5.68	1.002
263.42825	14.84160	6.36	1.595
263.57026	-48.52679	6.32	0.953
263.65289	9.58670	5.80	0.040
263.67706	-32.58166	5.69	0.045
263.69313	-11.24200	5.54	0.013
263.73363	12.56003	2.08	0.155
263.74831	61.87455	5.23	0.602
263.82708	-22.04382	6.47	0.011
263.83294	-53.35293	6.09	0.025
263.89582	-59.84611	6.26	-0.081
263.91496	-46.50568	4.56	-0.020
263.92654	37.30159	6.13	0.978
263.92945	-37.43988	6.48	0.006
263.99820	20.99624	6.11	0.184
264.03376	28.18509	6.40	1.367
264.08925	27.56664	6.37	1.586
264.13680	-38.63531	4.26	1.075
264.15311	30.78518	6.04	0.158
264.15689	48.58563	5.35	1.142
264.16642	69.57073	6.33	0.596
264.23788	68.75797	4.77	0.430
264.28702	72.45579	5.87	1.016
264.32971	-42.99782	1.86	0.406
264.36216	-38.06636	6.26	1.244
264.36380	-50.05970	5.89	1.109
264.37956	24.30999	5.76	0.114
264.39667	-15.39856	3.54	0.262
264.40085	-15.57104	5.94	0.357
264.46130	-8.11877	4.58	0.132
264.52299	-54.50043	5.25	0.195
264.53517	-42.88027	6.09	-0.057
264.53960	-10.92627	5.74	1.228
264.68687	-21.91266	6.19	0.827
264.74106	13.32926	6.12	0.567
264.78544	2.02805	6.25	1.021
264.86619	46.00633	3.82	-0.179
264.98966	31.20247	6.05	1.599
265.04976	-2.15230	6.08	1.608
265.09927	-49.41559	4.76	0.415
265.15650	43.47067	6.36	1.199
265.17161	31.28748	6.30	1.075
265.18543	-67.85417	6.48	0.999
265.24394	-32.21446	6.01	1.673
265.27286	24.51325	6.37	1.204
265.29580	15.17838	6.34	0.040
265.31767	-46.92183	5.78	-0.004
265.34074	51.81818	6.00	1.068
265.35364	-12.87531	4.24	0.086
265.38468	6.31316	5.97	1.271
265.48482	72.14884	4.57	0.434
265.49210	72.15691	5.81	0.530
265.49431	15.95243	5.54	0.387
265.51508	-50.51070	6.28	1.661
265.61817	24.56406	5.56	1.436
265.62198	-39.02998	2.39	-0.171
265.71291	-36.94556	5.53	1.553
265.77311	44.08432	6.38	1.521
265.77859	-33.05129	6.44	1.813
265.82379	-27.88398	6.40	0.438
265.83985	24.32782	5.73	0.683
265.84176	14.29517	6.22	0.426
265.85747	-21.68319	4.86	0.469
265.86814	4.56730	2.76	1.168
265.94592	-7.07961	6.30	0.324
265.95171	-13.50870	6.36	0.384
265.99657	53.80172	5.75	0.017
266.03626	-51.83405	5.12	0.694
266.07186	14.41007	6.18	0.211
266.14205	2.57944	6.16	0.131
266.17504	-42.72930	5.87	0.163
266.23276	-57.54554	5.97	0.912
266.41764	31.50468	6.22	0.008
266.43328	-64.72387	3.61	1.161
266.61470	27.72068	3.42	0.750
266.78039	-38.11216	6.41	-0.020
266.78353	17.69701	5.61	0.036
266.78348	47.61224	6.47	0.095
266.89010	-27.83079	4.53	0.600
266.89617	-40.12700	2.99	0.509
266.90325	-14.72582	5.93	0.009
266.94000	-22.47779	6.18	1.446
266.97317	2.70728	3.75	0.043
267.08434	3.80421	6.22	0.135
267.10320	20.56544	5.69	0.938
267.11598	-26.97494	6.31	0.094
267.15859	-55.40174	6.09	0.283
267.19947	19.25502	6.13	0.024
267.20478	25.62287	5.09	1.141
267.26786	50.78108	5.02	0.043
267.29365	-31.70320	4.79	-0.028
267.32935	1.96141	6.44	1.236
267.36264	76.96288	5.02	0.518
267.46451	-37.04330	3.19	1.192
267.47089	-61.71470	6.41	-0.049
267.54213	78.30654	6.25	1.452
267.54630	-40.09043	4.78	0.259
267.59539	29.32214	5.51	1.071
267.61830	-53.61241	5.68	-0.099
267.68168	11.94655	6.19	1.247
267.70160	22.31633	6.14	0.242
267.79603	-53.13027	6.09	0.010
267.88556	-40.77246	5.94	1.572
267.89780	-60.16406	5.78	1.008
267.93567	-45.60071	6.09	0.949
267.99359	15.32637	6.43	0.997
267.99769	-1.23681	6.33	1.126
268.00379	46.64357	6.37	1.060
268.01967	39.98209	6.01	1.341
268.05692	-34.79920	5.88	-0.111
268.08234	-34.41684	5.84	1.129
268.14768	1.30501	5.91	1.573
268.16126	-6.14358	6.18	1.250
268.20510	-34.11483	6.05	1.241
268.21910	-41.99652	6.19	0.523
268.24002	-35.62431	6.03	0.342
268.26475	-10.89956	6.17	1.110
268.30910	6.10142	5.77	0.425
268.32512	40.00796	5.17	1.166
268.32577	-65.48860	6.48	1.086
268.33158	-34.73081	6.14	-0.041
268.34780	-34.89512	5.58	1.098
268.38221	56.87264	3.73	1.177
268.47822	-34.75272	6.00	-0.060
268.49224	-34.83105	6.41	0.000
268.55903	11.13056	6.24	0.474
268.61132	75.17131	6.39	0.972
268.61301	-34.46672	6.10	0.055
268.72518	-24.88710	6.18	0.001
268.78346	-36.47565	6.05	0.074
268.79647	72.00513	5.43	0.340
268.84856	55.97139	6.09	0.316
268.85495	26.04999	5.47	0.341
268.96171	22.46422	5.62	1.249
268.97904	-18.80215	6.48	0.056
269.06325	37.25054	3.86	1.350
269.07667	0.67035	5.82	0.058
269.07931	-15.81252	5.93	0.024
269.10123	-65.72174	6.36	0.451
269.15154	51.48889	2.24	1.521
269.17433	-28.06539	5.76	0.207
269.19760	-44.34225	4.85	1.176
269.19894	-4.08182	5.44	1.162
269.20220	45.35085	6.22	1.453
269.23294	-40.30564	6.46	1.411
269.23323	6.48773	6.28	-0.015
269.26798	0.06666	5.95	0.110
269.30969	23.99589	6.32	0.642
269.36243	11.04454	6.33	0.130
269.42369	-76.17795	6.08	1.205
269.42806	-56.89625	6.26	-0.066
269.44119	29.24788	3.70	0.935
269.44919	-41.71630	4.88	1.617
269.49080	-39.13652	6.28	0.007
269.62562	30.18928	4.41	0.380
269.66271	-28.75909	5.99	-0.077
269.67634	36.28780	6.03	0.949
269.71794	45.47622	6.48	-0.064
269.73203	-36.85838	5.74	0.915
269.75663	-9.77363	3.32	0.987
269.77201	-30.25302	5.00	1.654
269.90318	-4.82113	5.86	1.561
269.94814	-23.81613	4.74	-0.030
269.98419	45.50138	5.69	1.562
270.00034	-20.33955	6.22	1.405
270.01479	80.00084	6.11	0.521
270.01423	16.75092	4.67	1.254
270.03843	80.00410	5.74	0.516
270.06531	0.62948	6.36	0.160
270.06583	4.36862	4.79	-0.100
270.11524	19.50579	6.42	-0.054
270.12088	-3.69027	4.62	0.390
270.15156	33.21368	6.01	1.516
270.16132	2.93157	3.93	0.029
270.22025	6.26829	6.36	-0.104
270.23863	15.09355	6.28	0.747
270.34634	-17.15687	6.27	1.763
270.37670	21.59578	4.26	0.406
270.39241	-85.21483	6.45	0.437
270.39960	33.31127	6.18	1.549
270.43833	1.30508	4.42	0.046
270.45124	-36.37786	6.30	-0.016
270.47659	-22.78030	5.72	-0.030
270.59604	20.83363	5.25	-0.100
270.62564	22.92323	6.22	-0.092
270.71291	-24.28247	5.37	0.495
270.77050	-8.18035	4.77	0.410
270.78705	48.46427	6.26	0.037
270.81068	19.61316	6.41	0.017
270.96852	-24.36073	5.89	0.031
271.15565	1.91899	6.14	-0.056
271.16754	23.94200	6.34	0.306
271.20992	-35.90144	5.98	1.160
271.25333	41.94629	6.38	0.287
271.25511	-29.58009	4.66	0.774
271.36190	-81.48657	6.37	1.528
271.36369	2.50010	4.03	0.860
271.37557	21.64662	6.18	1.241
271.45203	-30.42409	2.98	0.981
271.45671	32.23067	5.72	1.179
271.50792	22.21888	4.96	1.656
271.53083	-8.32396	5.84	0.184
271.53095	-0.44613	6.32	1.014
271.53840	-51.74391	6.46	0.172
271.56332	-4.75125	5.74	0.968
271.59883	-36.01979	5.94	0.615
271.65780	-50.09148	3.65	-0.101
271.70788	-43.42522	4.92	0.255
271.72282	50.82282	6.31	1.051
271.75641	30.56214	5.05	0.528
271.77623	49.71044	6.32	-0.020
271.79730	-21.44394	6.22	0.102
271.82650	8.73387	4.64	0.951
271.83743	9.56385	3.71	0.159
271.86975	43.46189	5.00	0.913
271.88563	28.76249	3.84	-0.018
271.95151	-64.55018	6.40	1.266
271.95142	-17.15416	5.52	1.132
271.95626	26.09734	5.79	0.127
271.95651	26.10128	5.83	0.158
272.00933	36.40126	5.49	1.161
272.02075	-28.45709	4.55	0.938
272.12545	-45.76702	6.13	-0.082
272.14057	14.28472	6.34	0.181
272.14506	-63.66855	4.33	0.228
272.16078	-21.44956	6.42	0.755
272.18955	20.81456	4.37	-0.164
272.22026	20.04523	5.10	0.176
272.29263	30.46953	6.36	1.194
272.39122	3.99328	5.71	0.363
272.40590	38.45778	6.38	0.876
272.43075	-13.93444	6.38	1.428
272.47506	3.11983	5.67	0.490
272.48984	-59.04018	6.38	1.553
272.49582	36.46628	5.57	0.915
272.49985	-32.71964	6.39	1.025
272.52422	-30.72867	5.53	0.979
272.53637	16.47659	6.09	0.574
272.60901	-62.00220	5.47	0.592
272.63183	54.28655	5.97	0.943
272.66792	3.32426	5.50	1.204
272.73061	-33.80007	6.13	-0.137
272.76835	-47.51312	6.07	1.193
272.77317	-41.35911	5.86	0.295
272.80734	-45.95442	4.52	1.009
272.81160	-19.84196	6.33	0.158
272.81584	-75.89151	5.86	1.253
272.93055	-23.70124	4.96	1.055
272.93800	33.44706	5.98	0.045
272.97565	31.40535	4.96	1.643
273.14188	-73.67242	5.86	0.464
273.17756	41.14684	6.36	1.038
273.27008	38.77349	6.04	-0.057
273.30290	-41.33611	5.47	-0.155
273.31903	21.88033	6.14	1.472
273.44087	-21.05883	3.84	0.195
273.46759	2.39347	6.43	1.545
273.47430	64.39729	4.99	0.440
273.56625	-21.71316	5.49	1.528
273.56800	-63.68968	6.47	1.414
273.80378	-20.72827	5.29	0.007
273.80405	-20.38797	5.96	-0.023
273.82115	68.75581	5.96	1.055
273.87818	-18.66158	6.05	0.165
273.88527	45.20932	6.30	0.641
273.91157	42.15935	5.56	-0.111
273.91924	-63.05537	5.58	0.944
273.97271	-44.20646	5.45	0.962
273.99138	-3.61799	6.35	0.201
274.02322	2.37752	6.10	1.550
274.22126	-3.00740	5.99	0.890
274.25383	-51.06827	6.06	-0.046
274.27839	40.93673	6.12	0.977
274.28138	-56.02335	5.36	-0.050
274.29845	-17.37389	5.81	1.569
274.34897	-28.28897	6.36	0.536
274.35036	-28.65206	6.18	0.184
274.35067	-9.75858	6.29	0.382
274.40102	-34.10726	6.03	-0.096
274.40681	-36.76169	3.10	1.582
274.50399	-68.22926	6.32	-0.026
274.51226	13.77704	6.29	-0.040
274.51330	-27.04264	4.66	1.629
274.53214	18.13169	6.24	-0.004
274.53221	23.29691	6.45	1.698
274.66732	-42.28840	6.30	-0.144
274.78974	7.25977	5.41	1.084
274.79450	24.44606	5.30	1.508
274.91721	-63.88656	6.17	0.584
274.96546	36.06455	4.33	1.162
274.96696	29.66639	6.01	1.319
274.98359	51.34782	6.30	1.112
275.03664	-15.83170	5.39	1.473
275.07464	21.96130	4.92	1.594
275.18929	71.33781	4.22	-0.093
275.21693	3.37717	4.85	0.911
275.22995	-37.48765	6.46	1.315
275.23737	29.85893	5.61	0.231
275.24851	-29.82810	2.72	1.380
275.25425	28.86995	5.12	0.212
275.26409	72.73284	3.55	0.489
275.27978	49.72547	6.39	1.086
275.32750	-2.89883	3.23	0.941
275.34578	-18.86000	5.76	0.670
275.36834	5.43573	6.14	-0.048
275.38070	-24.91528	6.19	1.823
275.38610	49.12159	5.02	1.619
275.50057	-28.42996	6.15	0.264
275.53625	23.28518	5.41	1.633
275.57739	-38.65689	5.09	1.498
275.64716	12.02968	5.99	0.056
275.70433	17.82662	5.25	1.250
275.72115	-36.66956	5.33	-0.121
275.75879	-10.21898	6.32	0.130
275.76221	16.68800	6.22	1.216
275.80068	-12.01476	5.71	0.006
275.80676	-61.49390	4.35	1.462
275.87011	-36.23799	5.52	1.015
275.90187	-75.04428	5.47	0.043
275.91494	-8.93438	4.66	0.932
275.92454	21.76975	3.85	1.168
275.94991	53.30084	6.35	0.168
275.97753	58.80074	4.98	0.082
275.98867	38.73921	6.41	1.429
276.01495	-3.58316	6.36	0.351
276.03863	83.17540	6.16	0.051
276.04299	-34.38462	1.79	-0.031
276.05744	39.50724	5.11	0.047
276.07601	-44.11026	5.24	-0.163
276.13808	-49.65288	6.45	0.593
276.17553	-7.07594	6.28	1.161
276.23837	-1.57941	6.15	0.381
276.24359	27.39478	6.27	0.053
276.25594	-30.75657	5.58	1.138
276.33767	-20.54168	4.81	1.310
276.34030	-35.99203	6.14	1.006
276.38179	-63.02153	6.13	0.202
276.41166	8.03201	5.64	0.884
276.47752	-33.94572	6.30	-0.075
276.48012	14.96623	6.37	-0.037
276.49495	29.82893	5.81	0.068
276.49641	65.56348	4.82	1.179
276.72505	-48.11724	5.44	0.855
276.74340	-45.96846	3.49	-0.179
276.80212	0.19611	5.20	0.487
276.92561	59.54911	6.43	0.979
276.93231	-26.63484	6.31	0.263
276.95618	-29.81687	5.90	0.517
276.95967	3.74857	6.07	1.610
276.98533	-17.80036	6.19	0.003
276.99267	-25.42170	2.82	1.025
276.99489	6.19410	5.71	-0.034
277.02569	-26.75725	6.28	0.157
277.02677	-84.38726	6.49	-0.035
277.11297	-38.99567	5.63	0.140
277.20774	-49.07059	4.10	0.995
277.29939	-14.56581	4.67	0.076
277.30364	-43.84594	6.36	0.904
277.33309	-80.23271	5.95	1.173
277.39879	23.86620	5.87	-0.096
277.42075	-1.98531	5.38	0.961
277.43737	77.54707	5.65	1.192
277.44483	-14.58199	6.02	0.006
277.48310	-47.22055	5.69	1.258
277.48641	-57.52314	5.74	0.987
277.54943	-18.72879	5.63	1.057
277.55957	-5.72417	6.27	0.953
277.67355	20.81505	6.49	0.795
277.76229	-41.91383	6.02	0.138
277.76854	16.92856	5.76	0.053
277.77018	-32.98911	5.37	0.182
277.84344	-62.27830	4.63	-0.116
277.85706	-10.79584	5.77	0.379
277.85957	-18.40270	5.12	0.016
277.93930	-45.91481	4.92	-0.101
277.98426	-43.50738	5.71	1.322
277.98748	-1.00298	5.93	0.170
278.00811	-45.75738	5.07	-0.127
278.02870	3.65960	6.41	-0.025
278.08606	-14.64427	6.36	0.217
278.08888	-39.70400	5.16	0.079
278.14384	57.04560	4.77	0.611
278.18051	-14.86566	5.47	1.998
278.19231	23.61680	5.88	1.490
278.20816	30.55421	5.47	-0.077
278.23060	-73.96560	5.88	0.992
278.25382	-39.89202	6.22	0.429
278.34462	-5.91172	6.36	0.034
278.34620	-38.72003	6.31	0.020
278.34639	-38.72599	5.67	-0.060
278.34709	8.26825	6.42	-0.044
278.37280	-58.70878	6.40	0.688
278.37577	-42.31251	4.62	0.994
278.41259	-14.85361	5.74	0.043
278.47286	-24.03228	5.49	1.795
278.48623	52.35352	5.38	1.091
278.49069	-33.01656	5.28	-0.115
278.62966	-52.89152	6.21	1.254
278.69789	10.89201	6.48	0.032
278.75997	-10.97721	5.12	0.926
278.80178	-8.24407	3.85	1.317
278.80251	18.20341	5.79	0.006
278.80627	34.45802	6.10	-0.115
278.83888	-20.84044	6.49	0.280
278.87665	23.60553	5.62	1.015
278.90206	4.93599	6.47	0.075
278.97176	16.97570	6.21	0.542
278.99852	-29.69910	6.36	1.272
279.05531	65.48872	6.07	0.279
279.11597	9.12249	5.38	0.387
279.15560	33.46904	5.41	-0.101
279.16281	6.67181	5.43	0.386
279.18979	43.22181	6.21	0.251
279.23474	38.78369	0.03	-0.001
279.28775	16.19829	6.31	0.896
279.38959	62.52659	5.74	-0.045
279.39984	-0.30947	5.76	0.067
279.47678	-21.39772	5.93	0.189
279.51867	-14.00478	6.49	0.189
279.52699	39.66833	6.02	1.444
279.59916	-3.19364	6.49	0.553
279.62798	-23.50489	5.78	-0.018
279.72250	-21.05187	5.85	0.673
279.80956	-47.90977	5.84	0.233
279.88765	40.93506	6.25	-0.052
279.89650	-43.18588	5.42	1.654
279.90365	5.26429	6.36	0.800
279.96499	7.35860	6.26	0.962
279.97006	52.19608	6.00	-0.067
280.00162	-7.79080	5.82	1.536
280.00802	30.84947	6.43	0.900
280.05083	38.36720	6.45	0.220
280.23504	62.74947	6.10	0.978
280.37784	-48.09469	6.47	1.220
280.42213	31.61761	6.41	-0.047
280.42692	-14.56424	6.40	0.757
280.46512	-23.83342	6.22	0.231
280.53370	34.74631	6.49	-0.116
280.56009	-81.80811	6.27	-0.104
280.56844	-9.05255	4.70	0.358
280.59427	-64.64304	6.35	0.153
280.65049	-7.07365	6.13	1.006
280.65814	55.53946	5.03	-0.070
280.72958	-19.28421	6.32	1.591
280.75890	-71.42811	4.01	1.134
280.79314	70.79285	6.28	1.234
280.81904	39.30007	6.45	1.590
280.87089	53.87177	6.18	0.094
280.88022	-8.27521	4.88	1.112
280.90046	36.55660	6.04	1.040
280.90558	-64.55142	5.76	0.967
280.94559	-38.32344	5.11	0.075
280.96348	-6.81812	6.30	0.479
280.96496	31.92661	5.68	0.360
281.03312	-36.71834	6.31	0.980
281.07611	61.04814	6.02	0.967
281.08067	-35.64199	4.86	-0.168
281.08477	39.67012	4.67	0.170
281.09492	39.61272	4.59	0.180
281.16790	23.58988	6.30	0.437
281.19316	37.60511	4.34	0.192
281.20085	37.59461	5.73	0.285
281.20668	-25.01091	5.82	0.033
281.20808	2.06004	5.02	-0.055
281.23083	54.89718	6.26	0.839
281.23815	-39.68619	5.40	0.850
281.29803	-61.09520	6.04	1.484
281.32774	-21.00162	6.35	0.458
281.34951	-56.88197	6.22	1.385
281.36209	-64.87126	4.78	0.199
281.36819	5.50013	5.82	0.041
281.40876	79.94267	6.40	0.296
281.41411	-26.99078	3.17	-0.107
281.41552	20.54631	4.19	0.483
281.44486	74.08555	5.25	0.953
281.48332	-50.87271	6.24	-0.080
281.50478	-19.60636	6.34	1.578
281.51867	26.66213	4.83	1.199
281.55421	41.44181	6.06	-0.120
281.58587	-22.39218	5.37	1.591
281.59265	75.43396	5.37	0.049
281.61914	-0.96169	5.89	0.131
281.67234	18.70591	6.18	1.594
281.67953	52.98796	5.91	-0.096
281.68052	-10.12505	5.69	0.584
281.75531	18.18152	4.34	0.148
281.79364	-4.74787	4.22	1.087
281.87063	-5.70515	5.38	1.280
281.93591	-40.40617	5.20	0.781
281.95471	-77.86825	6.39	0.593
281.98905	31.75684	6.06	-0.139
282.01111	4.24142	6.20	1.509
282.06698	48.76756	6.12	0.225
282.06834	23.51475	6.19	0.492
282.15794	-65.07768	5.71	0.268
282.16455	-6.00431	6.49	0.242
282.18922	-18.60115	6.46	0.902
282.21038	-43.68005	5.46	0.133
282.22244	19.32872	5.89	0.022
282.36393	-45.81010	5.80	0.891
282.39582	-43.43410	5.60	-0.077
282.40497	0.83620	6.24	0.041
282.41711	-20.32466	5.22	1.404
282.42065	-5.91286	5.99	1.568
282.43200	-72.99572	6.04	0.033
282.44131	32.81282	5.93	-0.154
282.47049	32.55106	5.22	0.100
282.51998	33.36267	3.52	0.003
282.62987	-13.57226	6.48	1.662
282.68980	10.97639	6.37	1.443
282.71038	-22.16219	6.29	0.390
282.74379	-9.77410	5.82	0.594
282.80040	59.38835	4.63	1.185
282.84232	-3.31786	6.08	0.299
282.89558	52.97512	5.51	0.843
282.89955	28.78367	6.22	1.183
282.90215	36.53909	6.10	-0.100
283.00802	13.96565	6.19	-0.008
283.03021	41.38324	6.28	-0.083
283.04974	-41.70920	6.47	1.426
283.05431	-62.18759	4.22	-0.150
283.06845	21.42514	5.43	-0.068
283.11346	-46.59512	5.51	1.641
283.11798	-26.65077	6.28	0.941
283.15436	-29.37968	6.12	1.344
283.16518	-52.10737	5.18	0.962
283.24959	-46.58633	6.17	0.051
283.25754	-9.57552	6.27	0.200
283.25978	-48.36091	6.17	0.124
283.30001	-51.93144	6.30	-0.092
283.30644	50.70822	4.92	0.903
283.38840	75.78737	6.33	0.021
283.43150	36.97172	5.58	-0.138
283.44296	57.48656	6.24	1.243
283.50038	-21.35985	5.68	1.206
283.54240	-22.74483	4.86	1.412
283.55520	27.90953	5.64	1.361
283.59939	71.29719	4.82	1.151
283.62618	36.89861	4.22	1.575
283.67964	-15.60304	5.08	0.141
283.68702	22.64508	4.57	0.782
283.69636	48.85940	5.84	0.452
283.69640	-87.60584	5.29	1.304
283.71740	41.60272	5.46	1.034
283.71882	33.96858	5.99	0.922
283.77976	-22.67133	5.00	1.348
283.81636	-26.29672	2.05	-0.134
283.83376	43.94609	4.08	1.397
283.84816	-37.38660	6.48	1.122
283.86436	6.61529	5.58	1.041
283.87919	-16.37663	5.56	0.445
284.00280	-23.17375	5.91	-0.021
284.02551	18.10541	5.69	1.092
284.05493	4.20360	4.62	0.161
284.06101	4.20213	4.98	0.204
284.07063	-42.71068	5.35	0.998
284.09442	-1.79986	6.20	-0.046
284.10669	2.47119	6.14	0.961
284.10716	65.25808	5.62	0.938
284.11349	-31.68902	6.45	1.223
284.16874	-37.34324	5.36	-0.147
284.18771	57.81485	5.67	1.155
284.22793	-62.80190	6.47	1.535
284.23762	-67.23349	4.40	0.530
284.25671	32.90127	5.20	0.594
284.26529	-5.84631	4.83	1.057
284.30963	-43.91701	6.27	-0.073
284.31913	2.53535	5.56	0.004
284.33532	-20.65635	5.02	0.137
284.36866	58.22503	6.47	0.072
284.39331	-39.82320	6.29	0.210
284.43251	-21.10665	3.52	1.151
284.50791	38.26619	5.89	-0.090
284.54215	-83.42220	6.35	-0.033
284.56145	17.36091	5.33	0.731
284.58867	-31.03597	6.09	1.347
284.59877	6.23993	6.22	0.478
284.60346	-22.52949	6.14	0.087
284.61569	-52.93863	4.85	-0.051
284.65187	-60.20055	5.14	1.355
284.68074	-37.10736	4.83	0.396
284.69412	40.67919	6.20	-0.146
284.69552	13.90665	5.91	0.251
284.73593	32.68956	3.25	-0.049
284.74749	50.80914	6.32	0.979
284.77392	13.62224	5.27	0.573
284.79568	-39.53471	6.49	-0.040
284.80122	39.21732	6.43	-0.168
284.84917	-12.84052	5.51	-0.038
284.86158	-18.56643	6.37	0.962
284.87195	-70.46865	6.49	0.305
284.90566	15.06830	4.02	1.082
284.93952	26.23040	5.26	1.228
284.99212	22.81452	6.28	1.672
285.00344	32.14551	4.94	1.465
285.01485	-66.65362	5.98	0.977
285.05699	50.53347	5.39	-0.182
285.10339	-24.94217	6.35	1.253
285.18106	55.65830	5.51	0.862
285.23001	33.80216	6.04	0.983
285.26791	-37.06156	6.44	0.020
285.27265	19.30960	6.47	1.114
285.32232	26.29141	5.69	-0.086
285.35988	46.93481	5.00	0.186
285.38965	-15.28262	6.31	0.963
285.40725	-22.69536	6.25	1.647
285.42011	-5.73911	4.02	1.079
285.45154	33.62126	6.39	-0.117
285.45596	22.26441	6.44	0.130
285.52931	52.26106	6.35	0.983
285.53550	-41.91050	6.21	0.001
285.58986	8.37354	6.25	1.648
285.61532	-24.84683	5.63	1.232
285.65297	-29.88011	2.60	0.062
285.71925	19.66101	6.11	1.317
285.72708	-3.69899	5.40	-0.005
285.76585	-19.24569	5.96	1.158
285.77865	-42.09510	4.74	-0.027
285.77916	-19.10302	6.37	0.480
285.82373	-38.25315	5.73	0.328
285.87354	-68.75554	5.89	0.553
285.88439	1.81877	5.82	0.182
285.98983	-51.01860	5.93	1.236
286.00424	-57.95996	6.30	0.857
286.10065	-5.68484	6.48	2.300
286.10440	-31.04708	5.49	0.026
286.17076	-21.74150	3.76	1.012
286.22986	53.39665	5.40	-0.014
286.24030	-4.03142	5.40	1.120
286.24115	31.74407	5.63	1.548
286.24286	30.73340	6.07	1.575
286.29100	49.92317	6.45	1.348
286.35253	13.86348	2.99	0.014
286.42158	-15.66042	5.93	-0.015
286.44637	29.92167	6.32	1.668
286.56224	-4.88255	3.43	-0.096
286.58314	-52.34091	5.17	0.532
286.60463	-37.06344	4.23	0.523
286.65723	28.62859	5.53	0.296
286.65999	24.25079	5.78	0.104
286.71715	-16.22928	6.00	-0.025
286.71860	-37.81066	6.15	0.705
286.72838	-50.32314	6.29	-0.057
286.73169	-48.29914	5.95	-0.017
286.73504	-27.67042	3.32	1.169
286.74418	11.07123	5.07	-0.055
286.78469	-18.73817	6.28	-0.044
286.82554	36.10016	5.25	-0.109
286.85659	32.50174	5.20	0.367
286.87851	-28.63680	6.05	1.579
286.98884	16.85339	6.08	0.705
287.01468	21.69893	6.22	0.434
287.06068	-24.65737	6.30	0.011
287.06959	-19.29029	5.56	-0.087
287.08737	-40.49670	4.57	1.070
287.10745	52.42573	5.88	1.086
287.21803	-55.72043	6.44	1.101
287.24963	6.07321	5.23	0.346
287.29116	76.56050	5.11	0.308
287.36809	-37.90447	4.11	0.042
287.41565	-39.82724	6.44	1.064
287.44086	65.97851	6.26	0.008
287.44097	-21.02361	2.88	0.377
287.45061	-19.80366	6.11	1.156
287.46498	-0.42811	6.34	-0.042
287.47028	-68.42445	5.31	0.901
287.49022	-41.89226	5.86	-0.080
287.50732	-39.34080	4.10	1.163
287.75794	-39.00471	6.34	0.006
287.82839	-29.50229	6.28	-0.031
287.84651	40.42910	6.20	0.093
287.87910	26.73587	6.35	0.444
287.91905	56.85921	5.13	1.008
287.94170	31.28346	5.93	-0.062
288.02096	49.85576	5.85	0.666
288.11683	-21.65838	6.39	1.129
288.13875	67.66154	3.07	0.990
288.15306	21.55457	6.02	0.069
288.16963	-7.93952	5.35	0.094
288.19224	-50.48642	6.12	0.954
288.30695	-25.90679	5.79	1.387
288.31468	-12.28258	5.51	1.442
288.42793	2.29371	5.14	-0.071
288.43344	5.51561	6.47	0.100
288.43953	39.14597	4.43	-0.150
288.47978	57.70510	5.00	1.156
288.66484	-45.19353	5.91	0.902
288.76121	20.20312	6.03	0.895
288.82234	21.23212	5.65	0.121
288.82990	50.07113	6.27	0.930
288.83371	15.08365	5.58	1.067
288.85358	30.52638	5.88	1.665
288.88512	-25.25668	4.86	0.569
288.88845	-24.17935	6.25	0.548
288.88773	73.35547	4.45	1.257
288.88901	18.51635	6.46	1.743
288.99787	27.92630	6.18	0.634
289.05433	21.39043	4.76	-0.058
289.09059	-45.46603	5.38	1.349
289.09206	38.13373	4.35	1.258
289.11162	14.54462	5.65	-0.020
289.11922	-69.19082	6.25	0.193
289.12930	4.83480	5.59	0.101
289.21411	46.99910	6.02	0.479
289.25217	-65.22770	6.42	-0.046
289.27570	53.36846	3.80	0.950
289.30097	-66.66105	5.52	0.170
289.40866	-18.95291	4.88	1.013
289.43182	23.02554	5.46	0.020
289.45077	2.03173	6.19	0.019
289.45416	11.59542	5.28	0.196
289.54075	-53.38709	6.36	0.505
289.63540	1.08513	5.10	1.143
289.65780	49.56946	6.32	1.123
289.71227	0.33902	6.40	1.050
289.71981	9.61807	6.31	1.065
289.75040	-15.53657	6.09	1.420
289.75480	37.44535	6.25	0.012
289.90183	54.37599	6.23	0.030
289.91249	37.33054	6.29	0.676
289.91395	12.37468	5.53	0.265
289.91664	-35.42145	5.59	-0.122
289.97111	11.53496	6.03	0.087
290.06681	57.64513	5.91	1.626
290.13710	-5.41577	4.98	0.937
290.13773	35.18596	6.30	-0.092
290.14869	-0.89216	5.46	-0.041
290.15896	-22.40254	5.59	0.276
290.16705	65.71453	4.60	0.033
290.37398	-34.98349	6.48	0.628
290.39799	76.55960	6.22	2.673
290.40463	-19.23445	6.25	-0.091
290.41798	79.60283	6.06	0.072
290.41816	-17.84720	3.92	0.228
290.43176	-15.95502	4.52	0.079
290.46206	-18.30839	5.84	1.062
290.53970	-42.01603	6.33	1.129
290.58977	-0.25234	5.81	1.093
290.63897	33.51816	6.09	1.052
290.65732	-51.23128	6.42	0.328
290.65955	-44.45896	3.96	-0.085
290.70146	9.91315	6.34	0.458
290.71202	26.26240	5.22	-0.119
290.71336	-54.42393	5.03	0.020
290.76854	-7.40062	6.31	1.455
290.80474	-44.79978	4.27	0.350
290.89172	33.22197	6.37	0.804
290.94554	20.26436	6.40	0.013
290.97157	-40.61594	3.96	-0.105
290.98542	43.38817	5.85	0.924
291.02284	-68.37108	6.33	1.238
291.02523	36.45209	6.44	1.074
291.03158	29.62134	4.99	-0.120
291.08948	-43.72206	6.13	1.603
291.09197	16.93772	6.27	0.075
291.12575	-27.86595	6.03	-0.117
291.24250	11.94442	5.17	0.761
291.26684	-29.30936	5.91	1.278
291.31871	-24.50858	5.02	0.235
291.33997	-13.89713	5.72	1.372
291.34330	20.27173	6.31	-0.014
291.35732	24.91277	6.19	0.528
291.36918	19.79837	5.14	0.999
291.37358	-23.96246	5.45	1.442
291.37459	3.11478	3.36	0.319
291.53803	36.31790	5.17	-0.120
291.54601	-15.05325	5.71	0.007
291.55519	20.09773	5.60	-0.006
291.57982	-21.77669	5.57	1.228
291.60056	13.02380	5.76	0.456
291.61040	62.55714	6.38	1.413
291.61953	19.89149	5.84	1.558
291.62954	0.33857	4.64	0.576
291.73534	-29.74323	5.66	-0.014
291.85816	52.32044	5.73	-0.002
291.89128	14.28248	6.31	-0.068
291.90165	37.94120	6.30	-0.120
291.95049	-54.32527	5.70	1.406
292.08666	2.93003	5.84	-0.003
292.17637	24.66490	4.44	1.502
292.23785	24.76872	5.82	1.023
292.25412	1.95045	5.79	0.088
292.32511	0.24608	6.25	1.317
292.33708	20.27974	6.34	-0.097
292.33900	-7.04409	6.37	0.870
292.34231	14.59602	5.57	1.050
292.34936	-43.44519	5.70	0.214
292.42650	51.72978	3.76	0.148
292.46745	-26.98562	5.46	1.120
292.46921	-55.44175	6.14	0.974
292.54390	2.90407	6.08	1.820
292.63801	3.44440	6.09	-0.019
292.64422	-55.11005	6.29	0.450
292.66599	-2.78889	5.03	1.770
292.68034	27.95968	3.05	1.088
292.68915	27.96528	5.12	-0.095
292.69513	36.22850	6.26	-0.015
292.72520	-21.31224	6.11	0.121
292.75113	70.98934	6.06	1.416
292.79571	-68.43392	5.98	1.638
292.80648	55.73184	6.37	1.123
292.83055	50.30671	5.55	1.274
292.84009	26.61717	5.89	0.915
292.94301	34.45297	4.74	-0.150
293.05832	-44.54639	6.48	0.526
293.08996	69.66118	4.67	0.786
293.22426	-53.18562	5.76	0.300
293.29196	60.15869	6.30	1.580
293.34009	-45.27175	5.59	-0.020
293.42336	49.26232	6.00	1.545
293.44180	5.46571	6.35	1.471
293.52230	7.37894	4.45	1.176
293.53536	-40.03464	5.89	0.105
293.58246	51.23662	5.71	0.475
293.64540	19.77340	5.00	-0.093
293.67191	42.41251	5.34	0.060
293.69312	63.43417	6.47	1.326
293.71220	29.46295	5.39	0.581
293.75514	52.50202	6.39	1.122
293.78024	-10.56044	5.12	1.122
293.80412	-48.09920	4.88	1.096
293.85472	2.91361	6.37	0.414
293.87419	-7.46028	6.32	1.124
293.88941	-12.25311	6.27	1.089
293.95127	36.94454	6.03	-0.080
293.98311	50.23862	6.47	1.034
294.00689	-24.71908	5.64	0.185
294.03480	22.58576	6.33	-0.059
294.06536	14.39107	6.37	1.045
294.10865	-18.85292	6.13	0.273
294.11056	50.22110	4.49	0.395
294.15824	44.69494	5.17	0.928
294.17681	-24.88362	4.59	-0.075
294.18032	-1.28660	4.36	-0.079
294.21855	11.27321	5.98	0.881
294.22271	-7.02748	4.93	-0.046
294.26392	-18.23105	5.66	1.237
294.29008	29.33370	6.43	-0.087
294.32247	16.46280	5.67	1.007
294.39339	-14.30180	5.46	0.501
294.42007	35.02254	6.44	1.559
294.44716	-4.64764	5.45	0.429
294.48631	49.28442	6.47	0.990
294.60814	-57.98334	6.19	0.973
294.67160	54.97379	5.89	0.482
294.70413	3.38152	6.36	0.001
294.79851	5.39777	5.18	-0.001
294.84419	30.15332	4.68	0.971
294.85557	16.57112	6.37	1.918
294.86036	42.81828	5.41	-0.063
294.89390	45.95744	6.25	0.931
294.92407	-45.27855	6.24	0.293
294.93717	33.97894	6.10	0.094
294.95609	-23.42770	6.33	0.034
294.96743	-66.68551	6.37	0.037
295.02413	18.01389	4.39	0.777
295.02986	-23.42909	5.97	1.038
295.05498	60.50711	6.49	0.212
295.07800	-54.41779	6.24	1.001
295.17146	43.07782	6.17	1.561
295.18050	-0.62123	5.64	0.123
295.18076	-16.29327	5.30	1.109
295.20910	45.52494	5.06	0.426
295.26225	17.47604	4.39	1.041
295.27303	13.81568	5.98	-0.078
295.31104	22.45277	6.43	1.481
295.40527	-65.85441	6.08	1.556
295.45397	50.52506	5.99	0.643
295.46655	50.51752	6.25	0.661
295.49007	40.25414	6.22	0.182
295.51218	-9.19365	6.31	1.341
295.51728	55.46322	6.42	1.453
295.55339	12.19326	6.33	-0.077
295.62972	-16.12400	5.06	0.319
295.64171	11.82658	5.28	0.575
295.68586	32.42674	5.93	0.118
295.78999	30.67789	6.08	0.003
295.79486	38.67171	6.37	1.220
295.81008	58.01662	6.29	0.590
295.88971	-15.47011	5.49	0.460
295.90674	-37.53876	6.14	0.019
295.91457	57.04271	6.28	0.887
295.92885	25.77193	5.50	0.939
295.93790	41.77311	5.86	1.598
295.96438	34.16272	6.04	-0.071
295.98323	27.13540	6.27	1.015
296.06919	37.35436	4.89	0.948
296.07673	69.33706	5.90	0.072
296.14247	13.30278	6.25	-0.041
296.15905	34.41416	6.39	1.521
296.17207	8.72654	6.43	0.940
296.20434	40.71680	6.36	1.561
296.24366	45.13081	2.86	-0.002
296.41522	36.09102	6.38	-0.049
296.41645	7.61316	5.89	0.180
296.46398	35.01275	6.14	1.070
296.46763	-2.88345	6.47	0.016
296.50507	-31.90857	5.51	0.024
296.56491	10.61326	2.72	1.507
296.59058	-19.76111	4.87	1.061
296.60667	33.72760	5.00	0.476
296.64587	32.88859	6.18	1.172
296.68612	68.43800	6.34	0.309
296.84693	18.53429	3.68	1.313
296.86178	47.90756	6.14	1.640
296.86575	38.40761	5.83	-0.087
296.95225	25.38406	6.00	0.993
297.00500	-56.36261	5.33	0.196
297.01260	-13.70362	6.11	0.193
297.04313	70.26793	3.84	0.888
297.12714	10.69410	6.44	0.932
297.17524	11.81590	5.75	0.546
297.20905	-12.31942	6.47	1.676
297.21082	33.43728	6.42	0.129
297.22954	-52.88811	6.27	1.131
297.24442	19.14204	5.01	0.095
297.25918	-10.87076	6.00	1.233
297.29837	-28.78897	6.04	0.403
297.35544	-72.50338	5.39	0.234
297.36460	38.71015	6.12	0.906
297.47258	-66.81307	6.44	1.482
297.47800	28.43967	6.45	-0.104
297.48255	27.08518	6.46	0.937
297.55858	-47.55739	5.91	1.678
297.57283	7.90242	6.49	-0.086
297.59065	-61.06112	6.21	-0.135
297.64165	38.72242	5.18	1.665
297.65553	40.59976	5.68	-0.058
297.65718	52.98800	5.03	1.286
297.68668	-59.19367	5.41	0.082
297.69583	8.86832	0.76	0.221
297.69493	-10.76351	5.38	0.402
297.69530	37.82632	6.13	1.626
297.75515	-65.60509	6.04	0.317
297.75684	10.41573	5.12	0.563
297.76712	22.61005	4.90	-0.153
297.79624	-2.46099	6.12	1.573
297.82388	9.62989	6.25	0.102
297.83075	47.37724	6.22	0.398
297.86183	4.08863	6.47	1.345
297.96085	-39.87437	5.32	-0.045
297.99612	47.02734	5.60	-0.078
298.00664	24.99216	5.54	0.680
298.01432	11.62833	6.16	0.642
298.02986	47.93179	5.91	-0.174
298.05001	-19.04499	5.88	0.979
298.06839	36.43230	6.13	1.434
298.09069	18.67187	6.24	-0.031
298.11820	1.00566	3.87	0.630
298.15718	-54.97103	5.76	0.915
298.25519	47.80772	6.30	-0.126
298.27661	-14.60320	6.47	0.149
298.32241	57.52348	5.14	-0.125
298.32807	-3.11446	5.63	0.231
298.36540	24.07961	4.57	-0.047
298.39762	59.70866	6.06	0.033
298.53449	-8.57421	5.76	1.664
298.56201	8.46145	4.71	1.023
298.57394	-23.94107	6.22	1.017
298.62948	24.31939	5.56	-0.018
298.65688	-8.22729	5.70	-0.079
298.65859	-8.23705	6.49	-0.040
298.66750	7.14035	6.14	0.043
298.66851	-61.17079	6.21	0.163
298.68665	0.27363	5.60	0.098
298.70105	36.99568	5.79	0.773
298.77126	-33.04625	6.47	1.487
298.81541	-41.86829	4.12	1.063
298.82831	6.40676	3.71	0.855
298.83125	-6.73478	6.49	0.391
298.84194	58.25019	6.10	1.021
298.90745	52.43895	4.91	0.124
298.95982	-26.29951	4.70	0.748
298.96568	38.48671	4.95	-0.086
298.98074	58.84597	4.98	1.584
299.00527	16.63480	5.71	0.903
299.00708	-81.34984	6.39	1.402
299.05938	11.42372	5.28	0.014
299.07655	35.08342	3.89	1.019
299.07938	56.68702	6.16	0.090
299.18393	36.25060	6.03	-0.140
299.18822	50.90252	6.46	0.003
299.23680	-27.16990	4.54	1.462
299.27629	-58.90135	5.24	0.014
299.30778	40.36782	5.46	-0.090
299.43936	16.78916	5.54	-0.048
299.48381	42.26077	6.44	0.095
299.48763	-15.49149	5.01	0.055
299.61974	63.53413	6.15	0.035
299.64315	38.10569	6.33	-0.090
299.65826	30.98367	5.51	-0.060
299.67205	-69.16396	5.74	0.224
299.67439	70.36695	6.32	0.868
299.68928	19.49215	3.51	1.571
299.72077	-68.76258	6.38	0.164
299.73511	-30.53838	6.27	1.051
299.73833	-26.19577	4.84	0.882
299.79391	23.10128	5.68	0.345
299.81394	52.05569	6.14	-0.183
299.83510	45.77254	5.92	0.185
299.84435	1.37770	6.17	1.129
299.90261	76.48139	6.20	1.610
299.93408	-35.27631	4.37	-0.150
299.94726	-9.95824	5.87	0.598
299.96399	-34.69780	5.30	0.170
299.97998	37.04289	5.15	-0.133
300.01379	17.51651	5.33	1.576
300.06400	26.18789	6.49	1.132
300.06639	-37.70172	5.95	0.989
300.08438	-33.70345	5.65	0.498
300.09625	-66.94936	5.75	1.033
300.10554	-49.35095	6.18	1.056
300.11036	-43.04330	6.11	1.634
300.14814	-72.91050	3.97	-0.032
300.20136	-45.11292	5.80	0.295
300.24574	8.55773	5.90	1.529
300.27520	27.75357	4.66	0.184
300.31378	37.09900	6.23	1.314
300.33985	50.10469	5.06	1.122
300.34936	-22.73731	6.01	0.981
300.36158	-40.81434	6.31	0.113
300.36894	64.82097	5.22	1.598
300.43630	24.80042	5.88	-0.134
300.43644	-59.37589	4.95	1.356
300.46859	-66.94397	5.32	1.218
300.49417	-13.63722	5.69	0.079
300.50597	24.93804	5.23	0.374
300.58424	64.63442	6.27	0.927
300.66450	-27.70984	4.43	1.640
300.70339	31.95883	6.39	1.205
300.70447	67.87356	4.51	1.313
300.81833	18.50099	5.99	1.420
300.87507	16.03125	5.73	-0.095
300.88941	-37.94070	4.77	1.417
300.90586	29.89681	5.73	0.749
300.91166	22.94106	6.45	1.028
300.93462	-22.59560	6.44	0.503
301.02594	17.07017	5.80	0.600
301.03465	7.27797	5.51	1.063
301.08164	-32.05630	4.99	1.208
301.09647	-0.70931	5.67	1.301
301.11998	48.22966	6.16	0.037
301.15073	32.21860	5.62	0.760
301.18549	63.89021	6.24	0.100
301.22247	68.02716	6.32	1.649
301.27256	-11.59941	6.38	0.543
301.27816	51.83940	6.14	1.601
301.28956	19.99107	5.09	1.058
301.29076	38.47846	6.18	0.654
301.33959	56.34142	6.19	0.437
301.36061	15.50041	6.37	1.615
301.38652	-67.32090	6.07	0.648
301.38700	61.99542	5.40	1.191
301.55093	-4.07821	6.47	1.156
301.55769	53.16569	5.81	0.445
301.59070	35.97247	5.38	0.850
301.72253	23.61443	5.08	-0.162
301.84648	-52.88079	4.93	1.591
301.89621	-55.01601	6.26	0.530
301.92267	34.42291	6.12	0.117
301.95987	9.39983	6.43	0.463
302.00760	-0.67819	5.97	1.023
302.02709	16.66439	6.39	1.720
302.03979	-52.57780	6.47	0.682
302.08528	-66.35469	6.45	1.587
302.13030	-10.06259	6.18	0.031
302.15950	10.72587	6.34	-0.136
302.18170	-66.18207	3.55	0.751
302.22228	77.71142	4.38	-0.046
302.26603	-47.06793	6.46	1.463
302.34316	56.02683	6.49	0.938
302.35675	36.83962	4.93	-0.139
302.63974	26.90417	5.51	0.087
302.76476	21.13458	6.24	0.894
302.78095	-57.52424	6.36	0.057
302.79199	-8.84234	6.39	-0.135
302.79974	-36.10121	5.32	0.868
302.82619	-0.82146	3.24	-0.066
302.83757	21.87494	6.24	-0.048
302.89548	62.07854	5.70	0.530
302.94989	26.80899	5.51	1.397
302.99125	-12.39240	6.34	1.209
303.00292	26.47881	5.91	-0.107
303.09934	-42.78006	6.20	1.228
303.10779	-12.61750	5.84	0.476
303.13216	51.46357	6.01	1.139
303.14635	0.86705	6.25	0.042
303.26840	-0.33080	6.47	1.532
303.30784	-1.00934	5.44	1.430
303.32522	46.81568	4.80	0.100
303.34944	56.56772	4.28	0.114
303.36507	60.64057	5.81	1.476
303.38490	-47.71323	6.47	1.249
303.40794	46.74133	3.80	1.270
303.42839	43.37901	6.13	1.489
303.52033	36.60488	6.47	-0.014
303.56054	28.69482	5.19	0.191
303.56925	15.19761	4.94	0.072
303.57928	-52.44577	5.65	1.497
303.61211	-63.41579	6.09	0.308
303.63347	36.80630	4.93	0.151
303.81623	25.59196	4.79	-0.181
303.82246	-27.03298	5.73	0.878
303.84904	33.72908	5.70	0.926
303.86801	47.71421	3.96	1.451
303.87600	23.50891	5.18	1.016
303.93021	50.23290	6.36	0.096
303.94223	27.81424	4.50	1.258
303.96087	-30.00528	6.30	1.513
304.00256	45.57953	5.87	0.447
304.01429	38.89801	6.28	0.006
304.02502	4.58080	6.44	0.867
304.08245	21.59870	6.11	1.039
304.09502	-12.33712	6.30	0.005
304.09838	-36.45357	6.30	1.467
304.11731	37.05640	6.47	-0.097
304.19619	24.67110	5.30	0.951
304.23036	40.36508	5.27	1.650
304.37107	42.72206	6.32	1.632
304.38053	66.85369	5.91	0.602
304.38138	29.14756	6.24	1.010
304.41196	-12.50821	4.30	0.928
304.44667	38.03293	4.77	0.377
304.50582	-21.80996	5.86	1.002
304.51356	-12.54485	3.58	0.883
304.52912	40.73208	5.83	0.073
304.60313	55.39709	5.76	0.118
304.61940	36.99980	5.58	0.056
304.66279	34.98278	5.14	0.660
304.70695	46.32219	6.46	-0.123
304.73324	-47.71077	6.28	1.657
304.73974	39.00418	6.35	1.871
304.76250	-63.23074	6.27	1.045
304.82437	-47.58029	6.13	0.469
304.84835	-19.11853	5.28	1.394
304.87207	13.21677	6.20	1.648
304.90299	62.25747	5.71	-0.043
304.93027	-1.07851	6.05	1.093
304.98351	46.83732	6.49	-0.084
305.00079	13.54809	5.96	0.299
305.02505	68.88032	5.59	1.472
305.06341	39.40323	6.22	0.060
305.08552	14.56926	6.17	0.926
305.08919	17.79293	5.82	1.500
305.12767	53.59568	6.23	1.547
305.13465	-55.05088	6.27	1.617
305.16590	-12.75908	4.77	-0.047
305.19395	-14.78489	6.09	-0.016
305.21624	-35.67368	6.46	1.311
305.25282	-14.78137	3.05	0.790
305.29802	63.98012	5.69	1.561
305.36772	-66.74969	6.49	0.505
305.42098	-49.99942	6.26	0.549
305.51274	41.13214	6.38	1.016
305.51429	24.44610	5.50	-0.090
305.52237	45.79499	5.58	1.077
305.55709	40.25668	2.23	0.673
305.61461	-42.04955	5.60	0.002
305.65545	31.26497	6.09	1.363
305.68873	41.02601	5.95	1.632
305.71821	14.55110	6.16	0.498
305.73139	42.98354	6.20	0.957
305.75330	-9.65471	6.29	0.913
305.79456	5.34299	5.30	0.983
305.93487	37.47645	5.87	-0.173
305.96509	32.19017	4.43	1.331
305.97158	-42.42287	5.64	0.201
306.13485	53.55193	6.49	-0.025
306.15624	1.06841	6.14	-0.036
306.17399	1.36856	6.41	1.605
306.22883	-83.31062	6.15	0.203
306.27086	59.60010	6.44	0.094
306.36178	-28.66327	5.86	1.101
306.41191	-56.73509	1.94	-0.118
306.41887	21.40964	5.68	0.921
306.42719	-2.80038	6.10	1.193
306.43381	10.05600	6.32	1.571
306.44970	-40.79618	6.08	1.364
306.50487	19.86549	6.45	1.037
306.50666	13.91161	6.35	1.453
306.59648	17.31556	6.23	1.005
306.59781	56.63870	6.38	0.018
306.72062	-37.40290	6.24	0.961
306.75945	49.38337	5.73	0.339
306.78239	34.32907	6.39	0.480
306.80912	20.47649	6.44	1.030
306.83004	-18.21172	5.08	-0.049
306.89274	38.44033	5.63	0.072
307.03142	8.43745	6.23	1.074
307.06078	81.42271	5.38	1.010
307.06996	2.93716	6.20	0.899
307.10377	-3.35779	6.12	-0.049
307.18162	-15.74150	6.41	0.999
307.19474	-35.59586	6.09	-0.094
307.21506	-17.81369	4.77	0.386
307.26225	83.62542	6.19	0.163
307.33496	36.45473	5.90	0.407
307.34890	30.36856	4.01	0.404
307.36296	56.06819	5.89	-0.052
307.36486	81.09128	5.96	0.942
307.38059	-22.39157	6.13	1.543
307.39535	62.99410	4.21	0.199
307.41250	-2.88553	4.91	1.160
307.47461	-18.58318	5.94	0.062
307.49976	45.92856	6.43	1.137
307.50299	72.53170	6.23	1.353
307.51475	48.95157	4.94	-0.087
307.57484	10.89592	6.03	-0.019
307.73668	-29.11267	6.35	0.227
307.74231	20.60615	6.21	0.138
307.74679	36.93584	6.21	0.969
307.76795	-15.05617	6.10	0.797
307.82840	49.22030	5.44	1.566
307.83813	52.30953	6.20	1.018
307.87672	74.95462	5.18	0.100
307.90110	34.33037	6.47	0.422
307.94377	56.77986	6.14	1.431
307.99256	25.80498	6.37	0.281
308.08505	2.13281	6.47	1.514
308.09873	-9.85338	5.66	0.689
308.21815	-24.94383	6.35	0.001
308.30321	11.30326	4.03	-0.123
308.32352	-80.96486	5.76	1.122
308.47578	35.25085	4.61	1.593
308.47852	46.69387	5.78	-0.140
308.47947	-44.51605	5.12	0.999
308.48768	13.02725	5.39	0.093
308.49969	4.89866	6.42	1.016
308.54160	20.98519	6.49	-0.138
308.54874	-13.72109	6.11	0.543
308.69746	-30.47347	6.42	-0.075
308.71001	51.85422	6.19	0.318
308.73115	-38.08989	6.45	0.264
308.77613	-71.18878	6.41	1.305
308.82723	14.67421	4.64	0.120
308.88441	-16.52588	6.19	0.218
308.89521	-60.58175	4.75	0.291
308.94920	-44.33761	6.36	0.958
308.96550	-69.61059	6.09	1.293
309.03474	25.88265	6.40	0.158
309.15975	-63.12096	6.34	0.413
309.18180	-2.54996	4.91	1.606
309.26947	26.46195	5.59	-0.050
309.32659	0.09698	6.21	-0.076
309.34827	38.32867	6.21	1.011
309.38241	31.57254	6.32	-0.089
309.38725	14.59509	3.64	0.425
309.39180	-47.29150	3.11	0.998
309.39713	-61.52992	4.86	0.447
309.45467	11.37768	5.42	0.050
309.46762	-25.10922	6.38	0.328
309.47804	18.26858	6.22	1.162
309.57753	-81.28906	5.89	1.692
309.58451	-1.10512	4.31	0.949
309.63058	21.20117	4.81	-0.030
309.63298	24.11596	5.06	-0.133
309.64580	23.68049	5.91	0.953
309.68328	13.31512	5.69	1.509
309.74799	30.33427	5.68	1.088
309.75076	56.00485	6.45	0.403
309.77070	15.83820	5.99	-0.145
309.77443	-4.92949	6.46	1.016
309.78243	10.08620	5.07	0.702
309.79437	21.81744	6.08	-0.043
309.80521	-2.41298	6.23	-0.090
309.81799	-14.95476	5.24	-0.129
309.85371	0.48644	5.15	1.060
309.88882	40.57966	6.07	-0.134
309.90953	15.91207	3.77	-0.057
309.96567	-62.90780	6.22	1.099
309.96615	11.24965	6.39	0.559
310.01099	-60.54889	5.11	0.544
310.01227	-18.13866	5.15	1.647
310.01317	43.45888	5.97	1.186
310.04898	-23.77387	6.36	0.719
310.07456	60.50526	6.02	0.443
310.08262	-33.43184	5.47	1.118
310.13549	-16.12418	5.79	0.997
310.15116	29.80555	6.02	0.163
310.18809	19.93554	6.43	0.611
310.23177	-42.39669	6.25	0.934
310.26059	32.30729	5.53	0.871
310.31754	14.58288	6.01	1.235
310.34858	-31.59829	5.75	1.551
310.35109	-25.99991	6.29	1.224
310.35277	-42.13378	6.28	1.584
310.35798	45.28034	1.25	0.092
310.48542	41.71687	5.68	-0.107
310.48782	-66.76068	5.14	-0.061
310.49236	17.52149	6.24	0.942
310.51245	-76.18059	5.99	0.450
310.55262	50.34003	5.41	-0.107
310.64682	82.53116	5.75	0.000
310.66536	60.60132	6.17	0.034
310.72067	-39.55883	6.30	1.073
310.79592	66.65745	5.59	0.218
310.80701	57.11400	6.34	0.282
310.85080	35.58780	6.48	1.251
310.86472	15.07458	4.43	0.302
311.00972	-51.92097	4.51	0.278
311.09188	56.48840	5.91	1.643
311.21877	25.27062	4.92	1.183
311.23956	-66.20321	3.42	0.163
311.32240	61.83878	3.41	0.912
311.33803	57.57973	4.52	0.535
311.41564	30.71972	4.22	1.051
311.52389	-25.27090	4.13	0.426
311.54162	-21.51403	5.91	0.066
311.55284	33.97026	2.48	1.021
311.57753	-36.12015	6.49	0.433
311.58360	-39.19926	5.48	-0.078
311.58835	52.99530	6.34	1.131
311.66080	46.53169	6.30	0.064
311.66193	16.12413	5.15	0.495
311.66459	16.12430	4.27	1.042
311.76484	-2.48691	6.28	1.558
311.79480	34.37412	4.93	1.294
311.83654	45.57993	6.41	1.606
311.85224	36.49072	4.53	-0.083
311.88940	80.55226	5.36	1.144
311.91896	-9.49578	3.78	0.000
311.93432	-5.02770	4.43	1.639
311.94949	3.30647	6.38	-0.013
311.95139	6.00821	5.57	-0.010
311.95536	47.83187	5.60	1.466
311.97067	52.40717	6.29	0.883
312.07681	-44.19683	6.47	1.161
312.12143	-43.98854	5.11	0.361
312.17810	51.91033	6.26	-0.071
312.23455	46.11413	4.81	0.571
312.32182	-0.56334	6.24	1.401
312.32246	64.04226	6.45	0.025
312.32339	-25.78124	5.86	-0.069
312.32571	-68.77652	5.41	1.122
312.33559	-18.03585	6.20	1.402
312.37067	-46.22683	4.90	1.494
312.40737	12.54513	6.01	0.420
312.45108	7.86419	6.32	0.019
312.47769	46.66134	6.33	-0.066
312.49201	-33.77972	4.89	1.004
312.49624	5.54456	6.20	0.986
312.52055	44.05930	5.06	0.198
312.67407	-12.54491	5.87	1.075
312.69645	-32.05460	6.42	1.513
312.75316	-37.91333	5.52	1.380
312.85728	-5.62663	5.99	0.464
312.86766	28.25051	5.66	0.616
312.87521	-51.60818	5.06	1.125
312.91045	-62.42934	5.67	0.203
312.95538	-26.91913	4.12	1.633
312.99484	-33.17797	6.06	0.029
313.00162	32.84889	6.42	-0.138
313.03199	27.09698	4.56	0.835
313.03622	-5.50706	5.55	-0.076
313.16347	-8.98332	4.73	0.325
313.25481	-23.78320	6.32	0.876
313.27332	-11.57366	6.38	0.661
313.28070	29.64910	6.36	1.085
313.31148	44.38726	4.80	-0.134
313.32736	45.18167	5.48	1.088
313.35400	-30.71895	6.35	1.100
313.41744	-39.80986	5.34	1.318
313.47455	33.43789	5.47	1.522
313.49328	-6.88946	6.44	0.361
313.52737	-27.92524	6.41	1.634
313.64016	28.05762	5.03	1.481
313.64628	-50.72734	6.23	-0.098
313.68479	75.92557	5.99	0.946
313.69923	-17.92289	5.78	1.122
313.70251	-58.45415	3.67	1.250
313.90287	13.72154	5.19	1.119
313.91072	12.56856	5.54	0.131
313.91949	4.53272	6.04	0.824
313.95751	47.41766	5.68	0.408
314.07088	56.88752	6.23	-0.172
314.10615	50.72860	5.83	0.337
314.10791	49.19585	5.92	1.054
314.14491	44.92472	5.96	0.020
314.19722	-26.29638	5.70	0.507
314.22512	-9.69754	5.49	1.474
314.29341	41.16714	3.94	0.027
314.29407	0.46378	6.06	1.217
314.41935	-16.03154	5.89	0.180
314.56813	22.32591	5.30	1.419
314.58110	44.47171	5.55	0.973
314.60806	10.83929	5.51	0.934
314.62514	50.46179	5.59	-0.144
314.62897	41.93992	6.17	-0.079
314.67433	-14.48313	5.95	0.244
314.76865	4.29348	5.30	0.464
314.77129	4.29461	5.24	0.457
314.85258	42.32447	6.47	-0.077
314.85577	59.43859	5.54	1.411
314.90058	-19.03528	6.26	-0.110
314.95649	47.52095	4.74	-0.084
314.99872	-36.12964	6.10	0.400
315.01659	7.51620	5.98	0.283
315.08951	-51.26531	5.76	0.480
315.11536	19.32958	5.69	1.588
315.14100	-4.73026	6.21	0.635
315.18093	-53.73907	6.26	1.563
315.21569	-17.53090	6.07	1.267
315.29553	46.15577	5.38	-0.206
315.30360	36.02601	6.01	0.994
315.32275	-32.25777	4.67	0.890
315.36669	-68.20959	6.36	0.101
315.43867	-26.88099	6.04	0.073
315.53753	56.66961	5.83	-0.058
315.60083	44.79098	6.18	1.687
315.61320	-38.53097	5.93	1.106
315.74147	-38.63145	5.32	0.424
315.75748	14.73003	6.33	1.680
315.76260	1.53206	6.24	0.479
315.77017	38.65741	6.10	1.011
315.79245	-27.73159	6.25	0.945
315.85871	50.35191	6.37	0.986
315.93111	46.86315	6.32	0.259
315.94844	53.28590	5.93	1.001
315.96723	41.62817	6.34	0.390
316.01969	-5.82307	5.53	0.683
316.10125	-19.85499	4.82	0.169
316.14438	5.50286	5.63	1.650
316.17350	2.94227	6.41	1.051
316.17944	-77.02377	5.13	0.490
316.18906	2.26977	6.34	0.965
316.23276	43.92785	3.72	1.609
316.30937	-54.72704	5.17	1.201
316.36133	5.95820	5.94	0.538
316.37194	78.12639	5.91	-0.065
316.48678	-17.23286	4.08	-0.010
316.50477	-30.12512	5.69	1.047
316.59710	71.43180	5.88	0.386
316.59783	26.92436	6.13	1.026
316.60282	-32.34162	5.20	1.104
316.60633	-41.38597	5.55	1.350
316.62602	31.18466	5.77	0.554
316.65039	47.64840	4.56	1.569
316.66601	3.80312	6.48	0.880
316.72476	38.74941	5.20	1.069
316.73027	38.74205	6.05	1.309
316.78195	-25.00585	4.49	1.604
316.89018	15.65866	6.27	1.008
316.93553	-45.37947	6.45	0.245
316.93623	-17.45590	6.18	-0.035
317.11725	6.98936	6.14	1.669
317.13624	-63.92826	5.75	1.180
317.14010	-21.19367	5.30	0.000
317.16204	30.20564	5.60	-0.048
317.19519	-88.95650	5.45	0.283
317.34353	-73.17297	5.67	0.590
317.34306	-36.70594	6.47	0.520
317.38750	-20.55666	6.25	0.385
317.39853	-11.37169	4.50	0.926
317.49278	2.94368	6.44	0.375
317.56489	53.56310	5.75	-0.111
317.58542	10.13158	4.70	0.262
317.62899	47.69222	6.46	0.007
317.63048	10.04892	6.07	0.022
317.69558	-9.35407	6.27	1.161
317.83722	-72.54435	6.18	1.087
317.92224	-14.47238	6.47	0.316
317.95099	59.98661	5.64	0.110
318.05713	-40.26936	5.83	0.450
318.23411	30.22692	3.21	0.990
318.26279	-39.42492	5.25	0.460
318.32222	-27.61933	5.41	1.425
318.32901	-36.42353	5.97	0.967
318.33546	-70.12627	5.06	1.578
318.33993	81.23097	6.12	0.092
318.36011	36.63326	6.07	0.223
318.36995	15.98240	6.27	0.238
318.42701	64.40395	6.38	0.625
318.54285	29.90096	6.18	1.105
318.62006	10.00698	4.47	0.529
318.65437	0.09226	6.38	1.574
318.69788	38.04532	3.74	0.393
318.77758	-17.34514	6.05	0.978
318.80995	-40.50607	6.20	1.138
318.90490	47.97400	6.45	-0.129
318.90792	-20.65170	5.17	1.161
318.92688	77.01230	5.92	1.531
318.93684	-15.17150	5.31	1.639
318.94113	-53.26308	5.73	0.191
318.94494	-36.21071	6.13	1.380
318.95597	5.24784	3.92	0.549
319.07137	44.23822	6.36	0.979
319.07406	-9.21466	6.45	1.612
319.12341	42.25179	6.23	1.251
319.16446	-1.60776	6.48	0.981
319.25855	53.99769	6.12	0.049
319.30640	-13.27899	6.41	0.035
319.30936	55.79800	6.00	1.447
319.32830	58.61148	6.42	0.194
319.34660	42.68357	6.17	-0.094
319.35397	39.39468	4.22	0.098
319.47948	34.89690	4.41	-0.103
319.48452	-32.17254	4.71	0.070
319.48869	-17.98514	5.40	-0.118
319.50204	-64.68158	6.32	-0.064
319.54614	-4.51948	5.83	-0.130
319.61327	43.94594	5.04	-0.061
319.63511	61.18439	6.43	1.543
319.64488	62.58557	2.45	0.257
319.71677	11.20337	5.97	1.612
319.72575	-28.76582	6.40	0.966
319.73054	41.04052	6.15	0.257
319.81537	58.62350	5.51	1.114
319.84242	38.23747	5.89	0.505
319.84258	64.87186	5.19	-0.045
319.86979	49.51029	5.75	-0.119
319.96662	-53.44943	4.39	0.191
320.03951	-45.02189	6.15	2.387
320.05864	22.02619	6.29	-0.106
320.13936	60.75641	6.11	1.005
320.19018	-40.80947	4.80	0.029
320.20855	32.45222	6.45	0.802
320.25593	40.34507	6.39	0.533
320.26831	23.85597	5.58	1.057
320.26799	-4.56013	5.87	0.912
320.27010	7.35450	5.81	1.663
320.31917	-49.93825	6.40	1.327
320.34141	32.61273	6.05	0.062
320.50174	49.38885	5.68	1.100
320.52166	19.80451	4.08	1.108
320.56165	-16.83454	4.28	0.888
320.67524	30.30988	6.07	1.079
320.72339	6.81114	5.16	0.064
320.73440	-9.31933	5.99	1.516
320.75206	-22.66905	5.63	1.641
320.95162	37.35148	6.46	1.472
320.98290	-25.20248	6.47	1.123
320.99511	24.27414	5.70	0.314
321.03104	25.31242	6.20	0.026
321.03302	-22.74710	6.38	1.026
321.03997	-20.85187	5.38	1.176
321.04789	-12.87811	5.48	0.297
321.06979	-69.73388	6.28	2.607
321.08685	-46.61471	6.30	0.235
321.09639	24.52839	6.35	1.057
321.10235	10.17425	6.33	0.474
321.10341	-41.00670	5.76	-0.036
321.14169	26.17456	5.67	0.323
321.20647	80.52483	5.97	0.950
321.21531	-3.39836	6.38	0.334
321.30428	-9.74855	5.71	0.208
321.32066	-3.55675	5.48	1.451
321.32519	-71.79906	6.09	1.265
321.33145	46.71434	5.59	0.335
321.44594	36.66739	5.93	0.033
321.46493	0.53434	6.45	0.162
321.56433	-54.66046	6.10	0.366
321.59531	-37.82943	5.64	1.185
321.61086	-65.36620	4.21	0.494
321.61109	19.37564	6.08	0.235
321.61689	1.10336	6.12	0.481
321.66678	-22.41133	3.77	1.002
321.68737	52.89854	6.01	-0.109
321.71509	48.83517	5.29	0.108
321.75676	-42.54793	5.50	0.392
321.81175	-21.19621	5.78	1.440
321.83903	37.11680	5.30	-0.140
321.85532	59.75007	6.11	1.720
321.91691	27.60859	5.39	0.049
321.94226	66.80910	5.42	-0.099
322.03438	32.22533	5.75	0.333
322.10349	8.19565	6.39	1.640
322.16499	70.56072	3.23	-0.201
322.18083	-21.80718	4.50	0.889
322.18719	-69.50539	5.47	1.553
322.21974	55.41870	6.14	0.100
322.24908	22.17944	5.84	1.370
322.24965	17.90591	6.42	1.393
322.25061	-53.70591	6.39	1.140
322.36229	46.54058	5.22	0.965
322.39374	6.58138	6.41	1.179
322.48706	23.63884	4.52	1.618
322.58471	52.95800	6.02	0.080
322.74705	60.45943	5.53	0.102
322.79012	12.13747	6.10	-0.047
322.86443	52.61986	6.17	0.900
322.88973	-5.57117	2.90	0.828
322.95897	23.84518	6.43	1.064
323.01277	-84.81007	6.42	1.405
323.02448	-41.17931	5.29	1.109
323.06071	-33.94462	5.97	0.051
323.13859	-24.59042	6.43	0.200
323.23580	49.97763	5.77	-0.042
323.32338	-52.73777	6.43	1.481
323.32452	45.85401	6.27	1.805
323.33810	-80.03936	6.47	0.044
323.34799	-44.84870	5.57	1.044
323.47740	-82.68308	6.35	0.089
323.49522	45.59184	3.98	0.885
323.57148	-42.92468	6.32	1.093
323.61443	51.69847	6.17	-0.015
323.64156	22.75452	6.45	0.513
323.67820	1.82916	6.41	1.398
323.69130	18.32893	6.47	1.254
323.69402	38.53405	4.87	1.085
323.71271	-20.08427	5.70	0.423
323.72084	-29.69612	6.42	-0.097
323.81649	-23.45431	6.39	1.098
323.82342	-3.98330	5.79	1.110
323.82965	28.19761	6.25	0.357
323.85807	68.21929	6.47	-0.083
323.86265	24.45216	6.22	0.141
324.01040	45.37459	5.96	1.341
324.04573	-26.17152	5.73	0.234
324.05826	30.05542	6.36	1.240
324.20334	-33.04790	6.10	0.226
324.23740	40.41352	5.04	0.198
324.27013	-19.46601	4.51	-0.180
324.36614	44.69655	6.19	0.218
324.39067	-0.39056	6.22	0.056
324.41170	54.04219	6.16	0.991
324.43186	6.61839	6.19	0.046
324.43796	-7.85420	4.68	0.175
324.43929	19.31861	5.46	0.321
324.48010	62.08194	4.76	0.246
324.51187	-64.82417	6.22	0.021
324.63308	5.77174	5.66	0.265
324.68818	25.49883	6.18	1.026
324.73491	-79.44258	6.17	0.460
324.74008	57.48904	5.74	0.200
324.75495	20.26545	5.77	0.314
324.77548	-33.67886	6.28	0.949
324.86712	-10.57690	6.07	1.034
324.88861	2.24356	5.10	1.034
324.99882	-52.35901	6.20	0.584
325.02273	-16.66231	3.69	0.320
325.04629	43.27384	5.09	1.601
325.14046	-55.73798	6.33	1.060
325.18045	54.87215	6.16	1.116
325.36936	-77.39005	3.73	1.008
325.38691	-14.04761	5.16	0.672
325.39273	40.80522	6.07	0.068
325.48039	71.31142	4.55	1.108
325.50290	-23.26286	5.24	0.991
325.50452	35.51020	5.98	2.500
325.52360	51.18962	4.69	-0.119
325.53481	45.76570	6.11	1.415
325.54213	1.28525	5.66	1.446
325.56438	5.68014	5.30	1.653
325.59566	41.07702	5.73	0.055
325.63732	10.82431	6.06	-0.115
325.66171	49.60026	6.10	0.993
325.66461	-18.86632	4.72	0.868
325.68903	59.27084	6.10	1.349
325.76684	72.32008	5.18	1.063
325.76833	-14.39971	5.88	0.255
325.77696	41.15497	5.51	1.615
325.80639	-19.62096	6.23	0.269
325.85689	38.28359	5.69	-0.010
325.87692	58.78005	4.23	2.242
325.91570	7.52866	6.47	1.114
325.99211	22.81529	6.43	1.295
325.99596	-57.32525	6.49	0.484
326.00402	-14.74937	5.96	0.219
326.03574	28.74263	4.49	0.512
326.04649	9.87501	2.38	1.520
326.12280	-38.55253	6.28	1.129
326.12790	17.35002	4.34	1.161
326.13054	14.77194	5.96	0.587
326.16139	25.64504	4.14	0.425
326.22200	62.46057	5.94	0.312
326.23671	-33.02578	4.35	-0.053
326.25106	-9.08243	5.10	1.108
326.30166	52.26758	6.40	1.901
326.32806	-49.49876	6.46	1.148
326.36219	61.12081	4.25	0.474
326.37012	-71.00885	6.02	-0.099
326.43547	35.85731	6.44	0.997
326.51818	22.94888	5.29	1.381
326.56779	-9.27594	6.00	1.629
326.59979	25.56350	6.28	1.212
326.63374	-11.36595	5.57	-0.002
326.69837	49.30957	4.23	-0.120
326.75354	70.15088	6.45	-0.007
326.76019	-16.12729	2.85	0.180
326.76983	17.19404	6.18	0.350
326.80818	2.68612	5.63	0.012
326.85540	60.69269	5.53	1.575
326.90933	-5.91680	6.17	0.230
326.93396	-30.89830	5.02	0.042
327.03498	36.58039	6.25	1.545
327.06563	-47.30361	5.57	0.601
327.12233	38.64857	6.10	-0.072
327.28372	66.79203	6.49	0.391
327.32921	61.27276	6.18	1.685
327.36195	20.46245	6.27	-0.097
327.41706	41.14879	6.48	0.381
327.42091	-12.72286	6.31	0.223
327.46123	30.17421	5.07	0.010
327.50052	-64.71254	5.62	1.018
327.53625	17.28585	5.34	0.394
327.55409	-16.84491	6.38	1.420
327.69660	-69.62942	5.52	1.378
327.72734	-82.71890	5.27	0.756
327.77075	39.53666	6.20	-0.068
327.89270	19.82668	5.78	-0.100
327.90519	65.75271	6.37	0.281
327.92395	-18.62294	6.19	0.374
328.00434	55.79674	5.70	-0.081
328.07576	21.27316	6.27	1.601
328.12465	28.79354	5.52	0.426
328.26570	25.92514	5.09	-0.155
328.32405	-13.55177	5.08	0.378
328.40575	19.66844	5.69	0.011
328.48219	-37.36485	3.00	-0.084
328.49069	6.86480	6.14	0.786
328.54322	-4.27618	5.71	1.185
328.57257	19.71812	6.36	0.938
328.61063	80.30856	6.43	1.453
328.64964	-3.30127	6.24	0.466
328.72148	56.61123	5.74	0.655
328.79747	-61.88661	5.92	0.393
328.83581	61.54181	6.17	1.599
328.87916	65.32081	5.84	-0.037
328.98183	-30.60592	6.41	0.927
329.05856	-57.89959	6.17	0.215
329.09487	-37.25365	5.45	0.084
329.09994	21.23986	6.39	1.698
329.16310	63.62556	5.11	1.547
329.23488	12.07649	5.54	0.054
329.25895	-37.74684	6.18	0.321
329.29625	66.15615	6.41	-0.056
329.46274	74.99671	6.32	1.560
329.47948	-54.99258	4.40	0.297
329.55545	-5.42492	6.33	0.378
329.62533	-59.01214	6.13	0.469
329.68247	-21.18294	6.06	1.621
329.72301	62.69799	5.96	1.640
329.72911	-4.37311	6.24	0.971
329.81236	73.17990	5.04	0.439
329.82463	-38.39510	5.50	0.996
330.03303	6.71744	6.00	-0.112
330.10103	-55.88349	6.02	-0.061
330.11125	33.00593	6.46	0.463
330.20927	-28.45374	5.43	-0.095
330.27090	0.60472	5.60	1.279
330.27229	13.11982	5.61	0.336
330.28848	8.25716	5.65	1.440
330.46078	52.88225	5.79	-0.106
330.46923	-77.66254	6.39	0.231
330.50573	10.97381	6.36	-0.104
330.51905	58.00037	5.55	0.017
330.54939	-17.90347	6.28	1.002
330.60937	-16.96484	6.39	0.447
330.73608	44.64986	5.57	-0.029
330.76587	-76.11843	5.94	0.399
330.81858	-6.52241	5.55	0.959
330.84024	-56.78598	4.69	1.056
330.82852	-2.15536	4.74	-0.100
330.82930	11.38655	5.83	-0.050
330.94772	64.62797	4.26	0.379
330.97074	63.11992	5.26	1.557
331.09932	-29.91653	6.45	1.603
331.14382	32.94174	6.36	1.121
331.15320	-26.82236	5.97	-0.167
331.19759	-0.90634	5.29	0.231
331.25207	62.78567	5.27	1.413
331.26443	14.81592	6.38	1.523
331.28662	62.27981	5.07	0.240
331.29723	26.67369	5.75	1.249
331.31875	46.74484	6.16	1.611
331.39448	28.96398	5.69	-0.048
331.41980	5.05853	4.86	1.443
331.44598	-0.31985	2.95	0.969
331.46257	-59.63607	5.62	1.468
331.46341	48.23149	6.26	-0.088
331.50813	45.01435	5.09	1.568
331.52869	-39.54335	4.47	1.349
331.55111	45.24869	6.19	0.078
331.55653	56.34340	6.38	-0.091
331.60929	-13.86968	4.29	-0.075
331.75278	25.34511	3.77	0.435
331.79014	58.84072	6.34	0.877
331.85661	53.30744	6.17	0.389
331.86914	19.47553	5.74	0.331
331.87486	18.00071	6.31	1.605
331.95960	21.70293	5.79	-0.077
332.05827	-46.96098	1.73	-0.070
332.06786	49.79699	6.41	1.579
332.07183	25.54352	6.08	0.311
332.09587	-32.98847	4.50	0.054
332.10805	-34.04384	4.99	1.499
332.17008	45.74225	6.11	0.763
332.17768	-33.12569	6.37	0.205
332.24579	-18.51959	5.80	-0.154
332.30681	33.17234	5.58	0.985
332.37067	-23.65911	6.36	0.921
332.45180	72.34121	4.79	0.919
332.48209	-34.01497	5.37	0.241
332.49117	-48.10766	6.43	1.380
332.49685	33.17822	4.28	0.471
332.50064	-28.29243	6.44	0.147
332.53658	-32.54841	4.94	0.489
332.54994	6.19786	3.52	0.086
332.56375	72.11127	6.36	-0.053
332.57926	19.61634	6.18	0.688
332.58795	-3.89409	6.28	-0.006
332.59182	14.62986	6.36	1.080
332.62576	20.97798	6.45	0.099
332.64061	-4.26686	5.98	0.981
332.65597	11.62454	5.78	1.617
332.65618	-11.56494	5.43	-0.117
332.66163	70.13257	5.52	0.391
332.71365	58.20126	3.39	1.558
332.71545	30.55300	6.30	0.227
332.75992	-21.23279	6.10	0.503
332.79122	50.82339	5.38	0.152
332.87740	59.41449	5.05	0.192
332.95320	56.83936	5.24	0.534
332.96388	16.04055	5.93	0.951
332.97910	-76.11602	6.13	1.001
332.98704	59.08458	6.29	1.123
333.00840	60.75910	5.37	1.184
333.03373	24.95064	5.97	1.500
333.09354	63.29104	5.76	1.645
333.10732	-14.19396	6.04	0.386
333.18279	-4.72068	6.39	0.498
333.19927	34.60459	5.34	1.134
333.21986	73.30719	6.11	1.006
333.23952	-26.32779	6.19	0.169
333.29423	86.10795	5.27	-0.030
333.41125	28.60802	5.87	1.169
333.43514	-25.18091	5.58	0.497
333.45517	45.44061	5.53	0.021
333.45710	63.16234	6.13	-0.089
333.46971	39.71493	4.50	1.385
333.57513	-21.07457	5.33	0.812
333.57813	-27.76691	5.45	-0.121
333.66105	-41.38167	6.23	0.648
333.68488	42.95391	5.72	0.014
333.75912	57.04359	4.18	0.278
333.89599	-44.45150	6.10	0.988
333.90384	-41.34670	4.79	0.790
333.99240	37.74874	4.14	1.447
333.99928	8.54957	6.21	0.019
334.11068	57.22024	5.88	0.950
334.11066	-41.62723	5.11	0.930
334.12353	27.80403	6.38	0.982
334.14023	-1.59639	6.16	0.194
334.15610	-25.89816	6.14	1.110
334.20019	-12.83144	5.34	1.132
334.20849	-7.78329	4.17	0.979
334.21902	-9.04007	5.80	1.158
334.24932	-23.14025	6.17	1.051
334.27708	-5.38716	5.75	0.878
334.36801	49.12696	6.46	1.046
334.46081	-77.51155	5.49	0.312
334.51780	-0.23766	6.39	0.441
334.55271	62.80439	5.75	1.256
334.56506	-53.62707	5.36	0.614
334.62539	-60.25959	2.87	1.390
334.73420	37.76929	6.19	0.270
334.75308	-13.30499	5.96	1.075
335.00699	-80.43975	5.09	1.276
335.04965	-7.82110	5.35	-0.048
335.11490	5.78950	5.37	-0.037
335.15114	-57.50978	6.41	1.404
335.16154	58.40990	6.46	0.990
335.16467	50.98081	6.40	1.195
335.23249	8.18674	6.18	0.451
335.25024	26.93516	6.46	1.526
335.25644	46.53657	4.55	-0.100
335.33058	28.33053	4.78	-0.010
335.37948	12.20519	4.82	-0.132
335.39820	-21.59823	5.12	1.057
335.41406	-1.38733	3.86	-0.057
335.46196	42.07816	6.38	-0.086
335.68419	-45.94794	6.42	2.231
335.70951	36.65905	6.45	1.052
335.75078	57.28461	6.18	-0.112
335.75218	62.41936	6.04	0.035
335.77923	55.96323	6.44	2.215
335.78328	-45.92849	5.62	0.372
335.87854	-24.76266	5.53	0.979
335.88396	-7.19442	5.92	0.998
335.89010	52.22905	4.42	1.015
335.91485	20.84823	6.20	0.518
335.97605	38.57361	6.18	0.485
336.02868	-4.83702	5.79	-0.033
336.11275	-13.52937	5.76	0.970
336.12913	49.47639	4.55	0.092
336.15368	-72.25541	5.28	0.660
336.23496	-57.79742	5.31	0.665
336.29418	-70.43162	5.78	0.396
336.31926	1.37740	4.80	-0.171
336.41958	18.44432	6.26	1.201
336.46316	-75.01569	6.12	0.599
336.50341	70.77090	5.47	1.216
336.54460	-23.68245	6.29	-0.021
336.64281	-16.74214	5.55	0.618
336.65577	4.39377	5.76	0.519
336.67668	78.78585	5.83	0.171
336.68982	37.44371	6.46	-0.132
336.77213	65.13227	5.52	0.302
336.83320	-64.96635	4.51	-0.029
336.86041	39.81003	6.16	-0.136
336.94273	31.84004	6.00	1.442
336.96468	4.69566	4.78	1.039
337.04635	27.01881	6.48	0.986
337.08121	64.08516	6.30	1.113
337.15697	-67.48906	5.56	0.208
337.16337	-39.13179	5.47	0.959
337.20797	-0.01997	3.65	0.406
337.28326	9.12903	5.60	1.578
337.28854	58.40410	6.31	-0.033
337.29261	26.76320	5.79	1.252
337.29278	58.41520	4.07	0.778
337.31739	-43.49556	3.97	1.022
337.38259	47.70689	4.34	1.679
337.43931	-43.74922	4.12	1.570
337.44175	-27.10728	5.95	0.362
337.47074	78.82428	5.45	0.093
337.49141	4.43169	5.51	0.385
337.50618	-12.91512	6.41	0.356
337.50756	32.57264	5.64	-0.031
337.52710	49.35641	6.41	1.166
337.57229	-14.58573	6.36	-0.047
337.62192	43.12338	4.52	-0.086
337.66173	-10.67795	4.82	-0.053
337.72405	-26.07375	6.43	1.083
337.82292	50.28249	3.76	0.031
337.82630	-6.55515	6.15	0.565
337.82675	-2.91128	6.15	1.083
337.87638	-32.34607	4.29	0.011
337.89313	29.54276	6.33	0.209
337.90632	-85.96725	5.76	1.020
337.92217	-10.90556	6.39	0.290
338.06761	76.22644	5.70	0.020
338.07799	54.03703	6.41	1.043
338.10991	39.77973	5.88	0.166
338.14784	20.23002	6.43	0.350
338.19545	15.86326	6.35	1.190
338.25026	-61.98212	4.91	1.612
338.26214	69.91355	6.01	0.334
338.32012	70.37371	6.26	0.018
338.41937	56.62474	5.72	0.966
338.51213	-1.57427	5.88	0.977
338.67349	-20.70822	5.21	0.446
338.83909	-0.11750	4.04	-0.083
338.86052	-78.77158	6.15	1.368
338.90157	-23.99109	5.97	0.984
338.94223	73.64319	5.08	0.395
338.95335	-17.46042	6.39	1.420
338.96664	56.07057	6.37	0.107
338.96786	39.63433	5.73	-0.160
338.97055	-57.88375	6.22	0.212
338.97243	50.07079	6.29	-0.071
339.03292	35.57750	6.11	0.997
339.12212	-40.58269	6.28	0.119
339.14767	-31.66379	5.82	1.074
339.15138	11.69664	6.42	0.027
339.20284	35.65242	6.28	1.392
339.24523	-40.59103	5.85	0.060
339.27020	12.57682	6.30	1.431
339.30403	75.37181	5.80	1.594
339.34341	51.54512	4.64	0.254
339.43909	-4.22806	5.04	1.140
339.57251	45.18294	6.38	0.771
339.59226	-7.89756	6.23	0.783
339.65801	56.79563	5.11	1.537
339.66272	63.58447	5.19	0.083
339.68613	-28.74821	6.46	1.034
339.71444	-33.08135	5.66	0.037
339.71913	19.52226	5.84	0.922
339.81533	39.05027	4.89	-0.207
339.89305	37.59282	6.03	0.854
339.93410	-28.32566	6.30	1.006
339.94588	19.68113	6.33	0.035
340.07670	53.84593	5.94	0.946
340.09294	-30.65887	5.88	1.297
340.12858	44.27630	4.50	1.318
340.16392	-27.04362	4.18	-0.105
340.19981	-3.55424	6.32	0.520
340.20383	-57.42232	5.98	1.450
340.21951	14.54916	5.72	0.723
340.36550	10.83136	3.41	-0.086
340.36938	40.22545	5.25	-0.137
340.38045	30.96586	6.36	1.579
340.40022	41.54912	5.93	0.998
340.43920	29.30764	4.80	-0.013
340.48940	14.51639	5.92	1.114
340.52511	-5.10197	6.28	1.569
340.58670	53.90875	6.14	1.634
340.59203	-29.36105	6.12	1.522
340.65368	-47.21081	5.99	0.584
340.66688	-46.88458	2.07	1.610
340.67951	-44.24804	6.06	0.956
340.73103	37.80273	6.43	-0.119
340.75057	30.22125	2.93	0.852
340.76423	-8.31144	6.45	0.166
340.76800	47.16875	6.39	0.450
340.80943	-6.96294	6.40	-0.039
340.87490	-41.41435	4.84	1.027
340.89681	-18.83038	4.68	1.358
341.02174	39.46535	5.93	1.490
341.02283	41.81923	5.11	0.960
341.06866	-60.49962	6.29	0.568
341.20466	52.51721	6.43	1.541
341.22075	39.20103	6.47	1.498
341.26513	58.14705	6.45	0.430
341.36740	19.36656	6.27	1.057
341.39362	30.44256	6.37	0.933
341.40784	-53.50012	4.84	1.180
341.41993	-46.54733	5.52	1.302
341.51462	-81.38162	4.13	0.208
341.54259	44.54605	5.84	0.358
341.61789	-49.68579	6.49	1.162
341.63283	23.56565	3.97	1.070
341.67325	12.17289	4.20	0.502
341.82984	-34.16172	6.28	1.145
341.84683	58.48303	6.33	0.017
341.87110	83.15383	4.77	1.257
341.88802	-19.61338	5.24	0.941
341.89859	-65.56025	6.49	1.208
341.92820	-14.05643	5.68	-0.016
341.98418	-25.91203	6.31	0.913
342.04598	37.41669	5.82	1.024
342.08910	-61.68436	6.36	1.059
342.12587	-10.55548	6.19	0.274
342.13874	-51.31686	3.49	0.083
342.18441	62.93841	6.07	1.194
342.19957	54.41489	6.14	-0.083
342.25362	68.57023	6.19	0.440
342.32280	-70.34798	6.35	0.071
342.39793	-13.59263	4.05	1.570
342.42007	66.20041	3.50	1.053
342.44298	55.90278	5.43	1.167
342.49676	-32.80546	6.34	0.317
342.50080	24.60158	3.51	0.933
342.54206	50.67692	6.23	1.129
342.59073	41.95339	5.91	0.062
342.59506	-80.12385	5.32	-0.126
342.75900	-39.15683	5.43	1.444
342.76264	85.37374	5.89	1.340
342.83725	-29.53631	5.99	0.907
342.84428	61.69674	5.61	0.775
342.93730	-59.88136	6.47	1.132
343.00848	43.31242	4.95	1.559
343.04172	-63.18867	6.14	1.025
343.10031	9.83566	5.16	0.487
343.13139	-32.87550	4.46	-0.037
343.15365	-7.57960	3.73	1.626
343.21770	50.41228	6.46	-0.047
343.25944	16.84119	5.86	1.132
343.26577	60.10103	6.01	1.748
343.29740	40.16736	6.33	-0.074
343.36960	-11.61651	5.80	-0.082
343.40805	-48.59829	6.03	0.621
343.41732	44.74916	5.79	0.282
343.52354	-19.17515	6.37	1.515
343.52910	40.37691	5.82	1.136
343.60403	84.34618	4.70	1.418
343.64217	-7.20463	6.20	1.284
343.64845	16.94183	6.39	1.729
343.66255	-15.82082	3.27	0.066
343.66451	-70.07371	6.04	0.660
343.68945	-16.27196	5.53	1.111
343.74786	1.06490	6.11	0.192
343.76104	37.07683	5.91	0.397
343.79567	-4.98790	5.72	0.881
343.80697	8.81617	4.91	-0.003
343.81210	-36.38858	6.40	1.313
343.87748	-20.13940	6.36	1.429
343.93545	36.35139	5.73	-0.051
343.96472	-31.63323	6.09	1.358
343.98708	-32.53963	4.20	0.952
344.09846	41.60388	5.60	-0.149
344.10022	-31.56557	6.48	1.094
344.10833	49.73354	4.99	1.778
344.19916	-47.96922	5.72	0.226
344.26876	48.68407	5.34	-0.102
344.32165	-4.81009	6.31	0.948
344.36659	20.76883	5.45	0.666
344.38668	3.81024	6.28	1.122
344.41269	-29.62224	1.17	0.145
344.41974	39.30878	6.17	-0.148
344.56476	-2.39539	6.17	0.744
344.59859	-1.41021	6.38	0.366
344.64617	9.35686	6.43	0.640
344.64586	-35.52323	6.15	0.582
344.67761	7.34007	6.35	0.052
344.78752	59.81465	6.46	0.012
344.79309	52.65453	6.31	1.414
344.79922	11.72884	5.76	0.293
344.86440	0.96293	5.43	0.982
344.89864	-13.07090	6.12	1.459
344.89899	-29.46231	5.51	0.271
345.02125	56.94537	5.10	1.011
345.02412	-25.16418	5.66	1.253
345.10267	-25.62685	6.30	1.124
345.15795	0.18587	6.22	0.892
345.17875	3.01181	5.85	1.343
345.22005	-52.75414	4.11	0.960
345.28158	-50.95003	5.68	1.411
345.33078	-28.85396	5.55	1.349
345.34602	-22.79089	6.27	0.126
345.34851	-7.06115	6.23	1.418
345.37798	57.10546	6.24	1.499
345.38213	-4.71146	5.94	0.992
345.43159	3.53091	6.44	0.970
345.48027	42.32598	3.62	-0.099
345.54719	44.57286	6.43	0.959
345.63565	-6.57401	6.18	1.590
345.64208	-36.42088	6.46	0.938
345.65159	42.75779	5.09	0.094
345.68438	-20.87071	5.97	0.946
345.68812	44.05875	6.37	-0.020
345.83910	58.56385	6.43	0.898
345.87423	-34.74941	5.12	0.305
345.88701	67.20921	5.25	1.248
345.94357	28.08279	2.44	1.655
345.96923	3.82005	4.48	-0.115
345.99850	-41.47890	5.79	1.069
346.00324	6.61634	6.42	0.417
346.04576	50.05209	4.64	1.058
346.16511	-53.96491	5.37	1.453
346.19022	15.20526	2.49	-0.002
346.21759	-68.82023	5.53	0.395
346.27618	16.56284	6.43	0.886
346.29078	-7.69380	5.44	0.312
346.30355	-17.07925	6.15	1.370
346.32347	1.30713	6.39	0.928
346.57558	18.51777	6.16	0.482
346.63286	19.91085	6.44	0.544
346.65341	59.41976	4.84	-0.060
346.67019	-23.74312	4.48	0.892
346.71971	-43.52036	4.28	0.423
346.72344	-38.89229	5.62	0.006
346.75108	9.40949	4.54	1.559
346.77097	35.63649	6.38	1.158
346.77808	25.46826	4.76	1.285
346.78934	-49.60613	6.33	1.452
346.79189	52.81660	6.12	1.060
346.79355	59.72739	6.41	-0.030
346.81155	-50.68668	5.81	0.486
346.86552	32.82535	6.13	0.137
346.86965	21.13425	5.97	0.259
346.91361	46.38723	5.30	1.409
346.93910	49.29578	5.68	0.449
346.94894	63.63347	6.25	-0.025
346.97438	75.38750	4.41	0.802
346.98836	64.22253	6.21	1.084
347.08778	-28.82370	5.60	0.882
347.09933	-79.48069	6.11	0.145
347.14832	-73.58612	6.18	1.419
347.17051	2.12788	5.42	0.908
347.36165	-21.17241	3.68	1.202
347.38107	8.67716	5.05	1.484
347.43391	59.33269	5.68	0.315
347.43596	-28.08857	5.88	1.311
347.43639	-67.87628	6.47	0.394
347.45646	-14.51055	6.43	0.010
347.47875	-22.45761	4.71	0.674
347.48901	-42.86129	5.83	0.475
347.50609	9.82208	5.39	-0.068
347.54057	-40.59155	5.90	1.565
347.55140	-66.85764	6.47	0.956
347.58974	-45.24671	3.88	0.998
347.61334	43.54423	5.91	0.450
347.67765	17.59437	5.68	1.330
347.93412	8.72012	5.15	0.139
347.95496	26.84731	6.19	0.937
348.05221	-80.91270	6.43	1.498
348.13751	49.40621	4.53	0.302
348.26661	29.44152	6.34	0.924
348.32073	57.16836	5.57	1.000
348.36043	11.06500	5.85	1.004
348.49734	19.63390	6.47	1.151
348.52744	-62.70000	6.12	0.787
348.55994	50.61789	6.32	-0.005
348.58067	-6.04900	4.22	1.545
348.59049	29.77183	6.41	0.448
348.65205	24.10290	6.36	1.167
348.65461	74.23127	5.89	-0.010
348.66739	-10.68871	6.13	1.504
348.74425	-41.10540	5.77	1.160
348.89274	-3.49638	5.56	0.062
348.90724	70.88808	5.55	0.263
348.97289	-9.08774	4.24	1.107
349.16580	-44.48917	5.92	1.053
349.17626	53.21348	5.58	0.556
349.20762	-41.19440	6.49	1.070
349.21225	-7.72650	4.93	1.613
349.24036	-62.00120	5.64	0.521
349.28649	-28.43827	6.24	1.556
349.29141	3.28229	3.70	0.916
349.31947	45.16417	6.44	1.077
349.32874	75.29903	6.35	0.049
349.35739	-58.23573	3.99	0.410
349.41701	-11.71294	6.33	0.058
349.43603	49.01530	4.82	1.668
349.47590	-9.18251	4.41	-0.144
349.48338	45.48892	6.48	-0.037
349.54118	-40.82436	5.54	0.445
349.58344	-67.47118	6.15	1.356
349.59718	41.77368	5.98	0.215
349.65622	68.11144	4.75	0.836
349.70600	-32.53203	4.41	1.109
349.74032	-9.61075	4.99	-0.022
349.76373	-28.38785	6.49	1.535
349.77779	-13.45855	5.20	0.787
349.78598	-79.47241	6.34	0.913
349.84991	-5.12435	5.56	0.386
349.85045	-18.07538	5.96	1.534
349.86422	34.79318	6.32	-0.053
349.87420	48.62532	5.44	1.014
349.92315	48.38094	6.29	1.123
349.92978	-33.70805	6.35	1.308
349.96841	42.07804	5.81	1.512
350.05991	61.97013	6.39	1.678
350.08576	5.38131	5.05	1.204
350.14390	62.21326	6.41	1.605
350.15934	23.74034	4.58	0.180
350.17036	-5.90798	6.17	1.089
350.18374	44.11617	6.25	0.152
350.20649	30.41492	5.58	1.501
350.20908	-50.30656	6.04	0.423
350.22194	38.18233	5.77	0.468
350.31458	-26.98677	5.65	0.817
350.47889	31.81246	5.35	-0.101
350.61908	25.91848	6.38	1.540
350.63555	60.13349	5.56	1.679
350.66322	-15.03934	5.19	0.203
350.66880	20.82872	6.28	-0.033
350.73656	-60.05584	6.08	1.603
350.74261	-20.10058	3.96	1.082
350.76904	12.31391	5.09	1.315
350.88311	0.29133	6.33	1.583
350.93926	-43.12443	6.12	1.464
350.97717	-53.80874	6.13	0.258
351.01659	-21.77441	6.46	0.433
351.03275	-18.68801	6.18	1.020
351.03695	41.61287	6.37	1.702
351.05525	-51.89117	5.75	1.611
351.20943	62.28281	4.96	1.676
351.21180	32.38488	5.56	-0.075
351.33111	-56.84899	5.60	1.063
351.34493	23.40410	4.42	0.617
351.51161	-20.64201	4.38	1.460
351.64781	-21.74084	6.43	1.036
351.65240	-52.72160	5.53	0.409
351.73315	1.25561	4.95	0.036
351.75364	87.30750	5.56	0.250
351.78084	42.91201	5.75	-0.007
351.78096	-66.58089	6.47	1.455
351.78795	-50.15724	6.22	-0.080
351.81164	1.12261	6.26	1.013
351.81247	-58.47611	5.63	0.983
351.81928	70.35978	5.60	0.163
351.91828	25.16728	5.99	-0.066
351.99206	6.37899	4.27	1.062
352.00288	-35.54448	6.34	1.201
352.01576	-87.48221	5.50	1.278
352.02165	-11.44975	6.37	0.902
352.25277	-9.26610	6.20	1.438
352.25344	-44.49807	6.43	1.177
352.25409	-63.11066	5.66	-0.142
352.27366	23.04808	6.45	1.088
352.28873	12.76055	4.54	0.939
352.36245	-1.79121	6.35	1.125
352.38367	-4.53275	6.26	1.123
352.50808	58.54892	4.89	-0.122
352.53089	49.13314	6.19	1.464
352.66484	38.66225	6.07	0.992
352.75476	-6.28808	6.39	1.259
352.82256	39.23620	5.22	1.029
352.86233	-44.84358	6.02	1.014
352.92517	-21.36946	6.24	0.319
352.92929	28.40349	6.41	0.035
352.98986	-1.08589	6.39	1.177
353.12096	23.84361	6.41	1.492
353.24275	-37.81827	4.38	-0.095
353.31926	-20.91450	4.70	0.020
353.33161	-77.38533	5.82	0.681
353.36706	22.49877	5.33	1.481
353.42913	45.05810	6.25	0.986
353.48121	20.84093	6.10	1.654
353.48828	31.32528	4.97	1.383
353.53757	-1.24757	5.91	0.299
353.65641	40.23644	5.55	0.096
353.65918	33.49733	5.63	1.042
353.69476	38.02400	6.18	1.586
353.70567	-15.24601	5.95	1.350
353.74600	71.64204	5.86	1.681
353.76902	-42.61507	4.69	0.078
353.86908	1.31314	6.47	1.151
353.88363	-7.46443	6.40	0.874
353.98309	24.56101	6.44	1.703
354.09702	2.10222	5.68	0.449
354.12713	32.90421	6.35	0.459
354.38351	44.42899	5.81	-0.064
354.39101	46.45815	3.81	0.984
354.41483	-13.06024	5.66	1.025
354.41559	16.82550	6.26	0.025
354.46248	-45.49235	4.74	0.082
354.48668	18.40067	5.49	0.010
354.51263	-15.09511	6.38	1.078
354.53417	43.26807	4.29	-0.083
354.59954	-76.86955	5.99	0.907
354.78472	50.47173	5.35	-0.061
354.79240	75.29288	5.95	0.124
354.83687	77.63228	3.21	1.031
354.83812	74.00263	5.98	0.889
354.86643	-46.63780	6.07	0.240
354.94612	-14.22218	4.97	0.257
354.97933	9.67729	5.99	0.212
354.98767	5.62629	4.13	0.507
355.01174	37.65264	6.49	0.355
355.10212	44.33393	4.15	-0.071
355.15895	-32.07312	5.30	0.965
355.16932	36.72077	6.24	0.424
355.28713	-11.68065	5.89	0.984
355.36161	49.51241	6.26	0.182
355.39370	-18.02708	5.36	1.580
355.44086	-17.81653	4.82	0.822
355.47734	57.25995	6.24	1.025
355.48621	7.25055	5.89	0.101
355.51169	1.78004	4.49	0.200
355.56111	44.99172	6.43	1.500
355.61593	-15.44803	5.27	1.344
355.63106	61.67936	6.40	1.250
355.68060	-14.54490	4.49	-0.032
355.68276	16.33572	6.30	0.970
355.77107	51.93933	6.44	1.034
355.84316	10.33154	5.09	1.692
355.99786	29.36145	4.93	0.935
356.00550	-45.08312	6.08	0.978
356.05019	-64.40445	5.73	1.393
356.05033	-18.27694	5.24	-0.084
356.10596	-70.49023	6.06	0.910
356.12110	-26.24663	6.23	0.495
356.17020	-78.79144	5.74	1.108
356.20165	55.79969	6.46	0.992
356.50385	-18.67834	5.28	0.299
356.50524	-40.18257	6.32	0.210
356.50853	46.42028	4.97	1.086
356.59799	3.48681	4.95	2.508
356.65307	66.78224	5.95	-0.049
356.75800	57.45136	5.55	1.630
356.76439	58.65199	4.88	1.122
356.81630	-11.91113	5.74	1.068
356.81665	-50.22646	5.18	-0.164
356.88771	46.83256	6.08	-0.135
356.97821	67.80681	5.05	0.007
356.98560	-2.76160	5.49	0.941
357.13533	-6.38043	6.09	1.452
357.16273	64.87645	6.41	0.062
357.20569	2.21441	6.47	0.461
357.20905	62.21452	5.43	0.670
357.22486	59.97897	6.33	-0.007
357.23144	-28.13027	4.59	0.001
357.29969	58.96320	6.36	0.408
357.36448	1.07613	5.77	0.167
357.38170	-15.86128	6.21	1.212
357.41414	28.84239	5.95	0.187
357.42067	36.42528	5.86	0.806
357.45664	-25.33134	6.44	0.097
357.56138	-9.97414	5.93	1.133
357.59264	51.62166	6.47	0.403
357.63869	-14.40149	5.70	1.488
357.64849	-47.37694	6.49	1.025
357.83854	9.31335	5.77	1.661
357.83891	-18.90916	5.17	-0.122
357.99100	2.93038	5.59	1.527
358.02703	-82.01882	5.10	0.934
358.09746	21.67110	6.13	1.616
358.10550	75.54459	6.36	0.977
358.12203	19.12029	5.06	1.587
358.12496	-14.25122	5.85	1.252
358.15460	10.94732	5.30	0.186
358.21054	-8.99676	5.76	1.171
358.23152	-3.15548	5.93	1.069
358.26982	2.09063	6.29	-0.003
358.33685	-24.22926	6.23	0.188
358.58920	-27.04291	6.34	0.197
358.59597	57.49938	4.51	1.190
358.66092	-40.30006	6.03	0.572
358.69426	0.10931	5.78	1.466
358.78247	7.07097	6.22	-0.066
358.81911	-31.92147	6.09	-0.093
358.88948	47.35580	6.01	1.170
358.89100	57.41217	6.03	0.155
358.97784	15.23029	6.45	1.560
359.12478	-24.73722	6.31	0.921
359.17292	22.64809	6.18	1.635
359.26513	42.65823	6.01	0.712
359.28399	-26.62345	6.26	1.452
359.28530	55.70571	5.57	0.478
359.29214	-20.83364	6.45	0.979
359.33288	-62.95658	5.95	0.101
359.38698	-82.16980	5.72	1.055
359.38972	60.02360	6.47	0.029
359.39616	-64.29823	5.00	0.060
359.43969	25.14140	4.63	1.584
359.58844	-15.84748	6.28	1.079
359.66824	-3.55598	4.88	0.930
359.73241	-52.74581	5.13	1.121
359.75225	55.75493	4.88	-0.071
359.82787	6.86332	4.03	0.419
359.86624	-29.48517	5.59	1.599
359.87205	33.72388	5.81	0.539
359.97908	-65.57713	4.49	-0.075
